Actual,Predicted,Range_Out_Probability
0,0,0.002366880082527167
0,0,0.0032499520044008312
0,0,0.1088125473075232
0,0,0.002642656165039399
0,0,0.00037432588490675205
0,0,0.0011043640988063995
0,0,0.0015140219054546062
0,0,0.0007618664699277217
0,0,0.055247471974708647
0,0,0.00034024713275714627
0,0,0.014872411627510304
0,0,0.053022514534228425
0,0,0.0011477382174642713
0,0,0.008960008666749654
0,0,0.004733944842348213
0,0,0.0004022988075570474
0,0,0.0036706006041308174
0,0,0.05971042591711381
0,0,0.003838600658071333
0,0,0.003419492695782585
1,0,0.4226919995045515
0,0,0.00273393498763687
0,0,0.19240416546885644
0,0,0.014248761121106977
0,0,0.01584396475933643
0,0,0.0014327675212467555
0,0,0.000808741899633306
0,0,0.004059103525434712
0,0,0.00042313000880442797
0,0,0.0010420781482442763
0,0,0.0060415408981688914
0,0,0.21335184108513391
0,0,0.015671466559290095
0,0,0.0019764166557541857
0,0,0.0029803394748163375
0,0,0.002046272791355362
0,0,0.04581077630645332
0,0,0.005998780052050575
0,0,0.001195429379162914
0,0,0.020404697567300373
0,0,0.010863054127926867
1,1,0.5697203463417233
0,0,0.00931535809461648
0,0,0.0017689066037105728
0,0,0.29235310973210554
0,0,0.0012607949844329362
0,0,0.0010729937947880931
0,0,0.0019897546418721403
1,0,0.38017296757681623
0,0,0.0007903893983970265
0,0,0.0009160822486726702
0,0,0.0022649072374276735
0,0,0.007984933226550136
0,0,0.3042034320238371
0,0,0.008744465816812465
0,0,0.005214146867624473
0,0,0.023866574751932948
0,0,0.0010081447688627722
0,0,0.007813360454633291
0,0,0.0009183450008849683
0,0,0.006846140455376924
0,0,0.0014544123284345866
0,0,0.0005672123532458164
0,0,0.02333604259983033
0,0,0.00950699377877756
0,0,0.0012660749682647174
0,0,0.00807540576565696
0,0,0.0009118386478104372
0,0,0.001995489138431949
0,0,0.000986318843722014
0,0,0.0006385842411533771
0,0,0.008450047869494796
1,1,0.5514404175858445
0,0,0.0017795922705701223
0,0,0.003047565205560031
0,0,0.000934553116316066
0,0,0.0008053046345871026
0,0,0.0021203144042823063
0,0,0.0020144811257781954
0,0,0.0013722555119935734
0,0,0.0004594313904244801
0,0,0.0065733292485348005
1,0,0.42353966975798696
0,0,0.0040196516857788625
0,0,0.009938464299021591
0,0,0.006491460412195388
0,0,0.018884926848268792
0,0,0.0017139661113274212
0,0,0.023976875141738817
0,0,0.0011451271889967437
0,0,0.0020304186318599073
0,0,0.3092139815152184
0,0,0.06732577354877868
0,0,0.0008990558694752988
0,0,0.011238948830333887
0,0,0.0014685579998771343
0,0,0.0043716447879655835
0,0,0.07483880545981447
0,0,0.00041291552376508195
1,1,0.5366084449820744
0,0,0.0383462565338744
0,0,0.002010572234602829
0,0,0.022981958635926458
0,0,0.0013933425369897076
0,0,0.26946381525188634
0,0,0.14005119353022266
0,0,0.0010426952821705614
0,0,0.0015989501687101618
0,0,0.26636851192499394
0,0,0.0019529312605761327
0,0,0.004558480089647588
0,0,0.009463121588953323
0,0,0.0004002688598736956
0,0,0.07023859329978242
0,0,0.07352463877387301
0,0,0.0011067350780524705
0,0,0.05433382131644041
0,0,0.01923654718740286
0,0,0.0004274356413864752
0,0,0.006144593110017982
0,0,0.0005494272656096869
0,0,0.060851042920492406
0,0,0.004506621490357022
0,0,0.0005925629790838725
0,0,0.005566791087995111
0,0,0.005778240399795917
0,0,0.0015461230288762225
0,0,0.00810511486757874
0,0,0.00045808605657428586
0,0,0.0012358996415063803
0,0,0.22497026194929792
0,0,0.023721269432938032
0,0,0.0045933165315650585
0,0,0.0004830312722464151
0,0,0.021227504451293545
0,0,0.005033944030809101
0,0,0.004951470477509801
0,0,0.012405203069893813
0,0,0.019416943515512892
0,0,0.3708180313240734
0,0,0.0003726010008691328
0,0,0.01205643807875864
0,0,0.0008427571464291621
1,1,0.6684122626278389
0,0,0.0635356919473492
0,0,0.006077955355885107
0,0,0.0015889391452962546
0,0,0.0003557440321201249
0,0,0.0017671527900668753
0,0,0.008966587192986505
0,0,0.0033332336702837865
0,0,0.0012054634148896308
0,0,0.0010549147178711663
0,0,0.005668764253779043
0,0,0.002381298142106012
0,0,0.06873734376932
0,0,0.027319297628587435
0,0,0.020558181769122608
0,0,0.0035371452495405456
0,0,0.00098679718516652
0,0,0.0032697089496015156
0,0,0.0006527688548877199
0,0,0.00040840396579493
0,0,0.050389392705443764
0,0,0.0018305868354916485
0,0,0.0015476545719798683
0,0,0.00212842032902072
0,0,0.0008103922886976461
0,0,0.010904071429511003
0,0,0.023048150380902882
0,0,0.000652022026147832
0,0,0.005037474192746918
0,0,0.002176991306849627
0,0,0.0006572461422216086
0,0,0.022823415552258378
0,0,0.0055429101082456545
0,0,0.0027466331189149144
0,0,0.0066061779320291825
0,0,0.0005601734652201766
0,0,0.007260618652418834
1,1,0.5113700096030735
0,0,0.0013789882580437166
0,0,0.0016309508084358033
0,0,0.0029573636710892534
0,0,0.015307712204165692
0,0,0.0004440352804454924
0,0,0.0014022706965980975
0,0,0.0003843329670901708
0,0,0.011722993149556495
0,0,0.0009808925803076172
0,0,0.009559853147467118
0,0,0.07565551374118329
0,0,0.10743609756971076
0,0,0.009820094953679677
0,0,0.002083698437265428
0,0,0.0010127398102567843
0,0,0.001440534002677899
0,0,0.31595659119413894
0,0,0.0005543470285070307
0,0,0.0004654585495875083
0,0,0.0010685442725979564
0,0,0.0027385692215090734
0,0,0.0022491127642356675
0,0,0.01822561074920545
0,0,0.001593795216685678
0,0,0.05560206784759449
0,0,0.019396575284749685
0,0,0.0069986622961978676
0,0,0.00044526203055199527
0,0,0.01977340271709303
0,0,0.0006120028891436015
0,0,0.17273047367915495
0,0,0.002339888647996981
0,0,0.015563757329264384
0,0,0.001608770226480921
0,0,0.015961081551076284
0,0,0.0037780414580083233
0,0,0.0010861330240145887
0,0,0.002885636586899445
0,0,0.0012673989834897752
0,0,0.0009500057675217783
0,0,0.0003921998147345756
0,0,0.0017873397940787242
0,0,0.0006940295669013925
0,0,0.0008816382218653031
0,0,0.006803846008050215
0,0,0.0027577201381513445
0,0,0.00040051880604440076
0,0,0.0010093670624284005
0,0,0.0013224013091018608
0,0,0.001866897351316201
0,0,0.005386561844109482
1,0,0.4294153709667811
0,0,0.01659571810753347
0,0,0.0004657957333727046
0,0,0.17623725337831603
0,0,0.05746987886506735
0,0,0.01916883580502923
0,0,0.0016818186965060974
0,0,0.0006274125417837201
0,0,0.019578187023288018
0,0,0.0009829801006127072
0,0,0.011404378139694657
0,0,0.0054484344289621464
0,0,0.0004322235061010832
0,0,0.0037293244806232643
0,0,0.06551706739166303
0,0,0.27075551786448593
0,0,0.06234369853462262
0,0,0.003849038276489233
0,0,0.008714052414518465
0,0,0.002051237792449511
0,0,0.0010220288602450153
0,0,0.0011107892357711889
0,0,0.005155091872196358
0,0,0.14575601613048172
0,0,0.027047323519470645
0,0,0.006980089740954567
0,0,0.0004864827947386427
0,0,0.003129887152137517
0,0,0.0017503534928943836
0,0,0.0009343987127477276
0,0,0.0011327787211421116
0,0,0.000555612898929164
0,0,0.0003485376377052651
0,0,0.0005226327876951199
0,0,0.00034232137092556005
0,0,0.004616284813033813
0,0,0.0007247856194461687
0,0,0.01882867791654495
0,0,0.05284844634275452
0,0,0.0009487518042014751
0,0,0.01132819631818867
0,0,0.014560647720057024
0,0,0.008746954615806662
0,0,0.014569295083894183
0,0,0.0004620477644884914
0,0,0.2938395599556518
0,0,0.002036103878251526
0,0,0.006807244556114508
0,0,0.00871559014390621
0,0,0.0016986253622986566
0,0,0.013198545280334319
0,0,0.0003558538471288832
0,0,0.001725809005964099
0,0,0.0004967364204360126
0,0,0.0023459923081497708
0,0,0.002204390034681855
0,0,0.0073109045913542035
0,0,0.0009499911464488091
0,0,0.0017370869650015738
0,0,0.004038585554821592
0,0,0.021930428303735695
0,0,0.008680012562798477
0,0,0.0013284301108859716
0,0,0.04430991520937186
0,0,0.005343080451063752
0,0,0.005125334932824488
0,0,0.017918804938409656
0,0,0.0054681859254771675
0,0,0.0015883678798384636
0,0,0.0003680305473599115
0,0,0.0006699248567424539
0,0,0.004549240878637654
1,1,0.5953128067504296
0,0,0.07209166373270949
0,0,0.0010146086297955703
0,0,0.010429576618915916
0,0,0.0032659108244395742
0,0,0.01831374294397212
0,0,0.0007514958371046945
0,0,0.0009012385437479395
0,0,0.019560510149196714
0,0,0.0020477077993401845
0,0,0.36555741166839606
0,0,0.04408549927105142
0,0,0.0038697896437209765
0,0,0.000526141111476888
0,0,0.2893275094853939
0,0,0.0017367553401813512
0,0,0.0016919549571301985
0,0,0.0017574530576171903
1,0,0.37770830778367415
0,0,0.002451942199861729
0,0,0.004300251993904391
0,0,0.0041366578352493456
1,0,0.40023967743329986
0,0,0.002632056204747072
0,0,0.012703290429684488
1,0,0.45962888516036315
1,1,0.5752009866440218
0,0,0.007728355716868231
0,0,0.0016545539309022637
0,0,0.006710995701331534
0,0,0.001770447139172678
0,0,0.0006683393876364761
0,0,0.0018511216617478634
0,0,0.0018232343045106083
0,0,0.0013293706970463398
0,0,0.0015993872920547715
0,0,0.17947120643433856
0,0,0.00043341236451698603
0,0,0.003939173969074714
0,0,0.0013501786652553994
0,0,0.0020394950330843383
0,0,0.0012413199379104317
0,0,0.023895623919042992
0,0,0.04384859120111848
0,0,0.0007162728037394767
0,0,0.0015136181361783405
0,0,0.004943132244073157
0,0,0.2504721671492792
0,0,0.008555269652295867
0,0,0.0004780728217368246
0,0,0.0022498512914342944
0,0,0.00275975756427583
0,0,0.19991553732853087
0,0,0.0035962929595358007
0,0,0.007008800297732972
0,0,0.0005294223671837026
0,0,0.0012243484227983728
0,0,0.07997673567627966
0,0,0.0004452702826591071
0,0,0.0012071216070796988
0,0,0.0007016784844563915
0,0,0.0008616262472252048
0,0,0.003003170852880322
0,0,0.020555794558195162
0,0,0.005033707608429147
0,0,0.0011154089739367236
0,0,0.025364929899694594
1,0,0.40237390717031185
0,0,0.04950054555403201
0,0,0.012484279928945496
0,0,0.0018136804785203271
0,0,0.03135277513373162
0,0,0.0062990538454255314
0,0,0.0019766248924535665
0,0,0.005989698663832297
0,0,0.20376759640834338
0,0,0.020257193653679267
0,0,0.08227582646867738
0,0,0.0013860517752998535
0,0,0.07276370262067036
0,0,0.009762771135295228
0,0,0.2632490229819473
0,0,0.0009992581277386496
0,0,0.00041986208652653546
0,0,0.0006701791245939716
0,0,0.0014904590415292188
0,0,0.005989652936838258
0,0,0.004309430521436507
0,0,0.0051260588058206
0,0,0.0006603266336230526
0,0,0.0033155636478971583
0,0,0.0012993021287756236
0,0,0.02142180219081271
0,0,0.18545375027420075
0,0,0.0023819918690594346
0,0,0.015467002001949852
0,0,0.05759751590492646
0,0,0.0012858297203438606
0,0,0.0014752675646981673
0,0,0.004620775791122437
0,0,0.05563786396217644
0,0,0.001270863861747574
0,0,0.0017426042394344857
0,0,0.00037884179390607276
0,0,0.04400167274327392
0,0,0.11382175781780186
0,0,0.0008592833356910324
0,0,0.22141455009777972
0,0,0.0004281248891271709
0,0,0.004427824354609826
0,0,0.004426646958454391
0,0,0.0010371917398897302
0,0,0.00570398217476254
0,0,0.003971410773644994
0,0,0.00036302503726048734
0,0,0.0012976888131026184
0,0,0.16132197947862748
0,0,0.0011177504467591473
0,0,0.001847329919695021
1,1,0.5069693318450127
0,0,0.0003444290823707212
0,0,0.021954246404707212
0,0,0.019592676098871414
0,0,0.002728569201741573
1,0,0.44304624821294053
0,0,0.05231870705982315
0,0,0.0009122391689673539
0,0,0.0009828461882214548
0,0,0.0030126089957756065
0,0,0.001758377100417852
0,0,0.0005218509124601408
0,0,0.0058981708549292015
0,0,0.019466924603141495
0,0,0.28956935925757465
0,0,0.014149098971034358
0,0,0.008770840115914752
0,0,0.0014706570853381352
0,0,0.0015870792267162325
0,0,0.01625856616316437
0,0,0.3702903676580027
0,0,0.00040569444224702525
0,0,0.00602338652856728
0,0,0.0005623376283179082
0,0,0.008355187715031017
0,0,0.017107643678219302
0,0,0.03934871900529267
0,0,0.00537622216370905
0,0,0.0009067765153717292
0,0,0.004531526595064242
0,0,0.05746862839977808
0,0,0.0726163276841157
0,0,0.0005746729084627808
0,0,0.0025438604668386647
0,0,0.0006305821909680836
0,0,0.0011849393654752595
0,0,0.0032374374612837717
0,0,0.322160953531308
0,0,0.00039055882164151
0,0,0.0008751268820981206
0,0,0.003813929885679339
0,0,0.0009906079242700783
0,0,0.005971145150400099
0,0,0.0004111229366618548
0,0,0.006618821951264262
0,0,0.03643958795706757
0,0,0.012286930942421599
0,0,0.028601635847097347
0,0,0.0004511528872040537
0,0,0.004180994258824292
0,0,0.001825188469428834
0,0,0.0005056540230476621
0,0,0.0017722939524217362
0,0,0.0008898765806709102
1,1,0.5126267397089745
0,0,0.0015613489952743715
0,0,0.016883955759894338
0,0,0.0004932178782290308
0,0,0.0063709879588928105
0,0,0.01029761859790597
0,0,0.25260276908434326
0,0,0.002455383524335427
0,0,0.0057169879589118
0,0,0.0020924691676777996
0,0,0.007498627280842297
0,0,0.34017174983105963
0,0,0.026942349043281057
0,0,0.0006612851333036517
0,0,0.0502774443526471
0,0,0.0009553687552735933
0,0,0.0005303393727180565
0,0,0.0008477325707132714
0,0,0.060955331569038596
0,0,0.0005119448893835044
0,0,0.0005460787402520735
0,0,0.0014228527443195516
0,0,0.0013215118007496825
0,0,0.005190060735027598
0,0,0.004530334124545799
0,0,0.0005352396130904121
0,0,0.0009387445497447024
0,0,0.004072125930927586
0,0,0.015306980010282007
0,0,0.002001654388038044
0,0,0.018209232129429077
0,0,0.004577846347904225
0,0,0.06096564149177931
0,0,0.03804271771594988
0,0,0.00040355964507850223
0,0,0.013153489898957708
0,0,0.07689740544477401
0,0,0.03367399006159241
0,0,0.006813457498543483
0,0,0.004084972233205519
0,0,0.004606300303980349
0,0,0.044658493823678064
0,0,0.001138693806677436
0,0,0.0051037923356990105
0,0,0.005011585822871835
0,0,0.0005349807677815143
0,0,0.0004090610980825741
0,0,0.0004071510356806412
0,0,0.013594031741168633
0,0,0.3041238079325887
0,0,0.009863897647521979
0,0,0.00051582113303304
0,0,0.03475896696068914
0,0,0.037682815361737884
0,0,0.0434440741696458
0,0,0.0017746479827310158
0,0,0.07643143846700254
0,0,0.0015455087946608555
0,0,0.0008947004030269191
0,0,0.017057892141016072
0,0,0.00921055141619627
0,0,0.0686590679221228
0,0,0.01913741733174157
0,0,0.259092591902198
0,0,0.0049430119458419314
0,0,0.000986706191974914
0,0,0.0005971461134275886
0,0,0.0011743017947976949
0,0,0.0033526443670574358
0,0,0.0029509381571013594
0,0,0.0010014256513792845
0,0,0.06422355595481777
0,0,0.043776170313683874
0,0,0.05311446467967244
0,0,0.006221766607009292
0,0,0.0004812533704259543
0,0,0.3141997178446172
0,0,0.001316758067324739
0,0,0.01061909897233919
0,0,0.0016481920898836872
0,0,0.0007357356377840595
0,0,0.00466511263850371
0,0,0.0003448114079911483
0,0,0.004568262679521723
0,0,0.0005121396011900697
0,0,0.0020913195891360224
0,0,0.06407732858457267
0,0,0.012968521080262873
0,0,0.0004012921646371799
0,0,0.0005590413351073612
0,0,0.00910451522428644
0,0,0.02838876146261353
0,0,0.0013420323736112974
0,0,0.00928496182754484
1,0,0.4353915699976265
0,0,0.009855486808687022
0,0,0.0018967514821189267
0,0,0.35594852303200336
0,0,0.0011264913580317803
0,0,0.0046414390329715454
0,0,0.3386088717875425
0,0,0.005541329783157629
0,0,0.0006118051034362243
0,0,0.0009644581020470047
0,0,0.0012532407523024077
0,0,0.04501096389741972
0,0,0.0004490132427322608
0,0,0.0006703901639525346
0,0,0.0005466863281999827
0,0,0.0004867550658556356
0,0,0.26396550649895223
0,0,0.06342310869896843
0,0,0.022895504224462793
0,0,0.007756445273356644
0,0,0.0019381295670614523
0,0,0.004558971787702811
0,0,0.0008576793686643491
0,0,0.0011981604034337374
0,0,0.00034827679086987915
0,0,0.006241360651643285
0,0,0.38951597015770345
0,0,0.016346310143335357
0,0,0.002439656775581578
0,0,0.002421045893651726
0,0,0.0008358616977929226
0,0,0.024693327191857337
0,0,0.00252747326020237
0,0,0.0021744187595206495
0,0,0.0005386030147755704
0,0,0.0013219752068039296
0,0,0.0005783306388729083
0,0,0.2274632437188909
0,0,0.0007902921713152024
0,0,0.005815650479570666
0,0,0.0008855266327582648
0,0,0.22411004032992882
0,0,0.0004892293483482771
0,0,0.011750997947783339
0,0,0.0017309430198795975
0,0,0.00629315376851631
0,0,0.02011575792839389
0,0,0.005715257330939108
0,0,0.01717517653300817
0,0,0.018924331155314358
0,0,0.04582941015900855
0,0,0.10836304178422532
0,0,0.0009876965905738116
0,0,0.015877589949836058
0,0,0.0008970232603861361
0,0,0.3596357678914537
0,0,0.0017383522955464225
0,0,0.0014075584039130494
0,0,0.22031697874653325
0,0,0.0029083892566714384
0,0,0.0013154982944723656
0,0,0.020453307576261653
0,0,0.004629445701145781
0,0,0.0012888150538283322
0,0,0.03815144184902
0,0,0.0007854189377078263
0,0,0.0030529934013526065
0,0,0.002260208292763528
0,0,0.0009065804451697298
0,0,0.00034181488777138474
0,0,0.02392052019697739
0,0,0.0005527157550488923
0,0,0.0035787031936518276
0,0,0.006142797479988347
0,0,0.001599522971603123
0,0,0.006813495544344488
0,0,0.004250668777713428
0,0,0.0014522507687068792
0,0,0.0010408736572904398
0,0,0.08053135150169816
0,0,0.0006534032709336973
0,0,0.0016020091488303263
0,0,0.022013456455744727
0,0,0.0005909479705065302
0,0,0.00914384091922257
0,0,0.0058087384863966815
0,0,0.004073417973111134
0,0,0.001459171644386339
0,0,0.000417311487378565
0,0,0.010464248747502536
0,0,0.06702166348307757
0,0,0.0010522264611691956
0,0,0.002010032090513745
0,0,0.07431461904891805
0,0,0.008895109007669662
0,0,0.2115000905401925
0,0,0.061859037884864874
0,0,0.0008192813811802678
0,0,0.001580282821141883
0,0,0.0012176388579275203
0,0,0.0388228632624226
0,0,0.006273007852737855
0,0,0.0005800918013548901
0,0,0.0003662843461816345
0,0,0.007906579916144862
0,0,0.00038628250947368356
0,0,0.0021295138424912196
0,0,0.0006832209930751124
0,0,0.0007325971215959037
0,0,0.17778416132280267
0,0,0.001537900363282783
0,0,0.0008174952643044551
0,0,0.005327263778002918
0,0,0.2173619356700957
0,0,0.0011157304082887983
1,0,0.4516593487287579
0,0,0.025156392771727702
0,0,0.004946609388903861
0,0,0.0005815893542667231
0,0,0.001064022188637999
0,0,0.004420102883498723
0,0,0.0007948212242858109
0,0,0.0016778448355748473
0,0,0.06066132890351307
0,0,0.004375787951619735
0,0,0.0004343304095874599
0,0,0.006156517458443895
0,0,0.004777350440352633
0,0,0.00034466404219143834
0,0,0.0013881620589895128
0,0,0.0006523615932910352
0,0,0.0032443566771221165
0,0,0.0003421738650972459
0,0,0.05871404696338158
0,0,0.0010413747676864022
0,0,0.0066736245183919105
0,0,0.004504984037448281
0,0,0.004657043941771387
0,0,0.0019532712883644793
0,0,0.14907105140917307
0,0,0.03727587490029966
0,0,0.0004008061812168501
0,0,0.0020309218052970996
0,0,0.006959898832802377
0,0,0.0018796071979177954
0,0,0.0450351838841989
0,0,0.0011264717080434654
0,0,0.0018684943358014319
0,0,0.0004049256292181014
0,0,0.047332195706044154
0,0,0.000658908468560644
0,0,0.006107968358540711
0,0,0.0007754388119493509
0,0,0.003368722923521384
0,0,0.02183986234938064
0,0,0.05986308849085369
0,0,0.0009406790164158138
0,0,0.00046613170020854067
0,0,0.0731876146127239
0,0,0.00034035311448517075
0,0,0.0005327200098767032
0,0,0.0006775208789866338
0,0,0.008821727735395428
0,0,0.0015354716833547264
0,0,0.021706130568010296
0,0,0.0025912160480822894
0,0,0.01072206547185256
0,0,0.005793957794992634
0,0,0.0006998562611081187
0,0,0.014679405361342759
0,0,0.006455532783200867
0,0,0.027353947663520676
0,0,0.1396644704624169
0,0,0.016708517347308712
0,0,0.0008459503804381431
0,0,0.001379739192746208
0,0,0.05462795265824727
0,0,0.0003656419635181535
0,0,0.004195847904678216
1,0,0.4507579443923867
0,0,0.0017622337865507035
0,0,0.004250245596741115
0,0,0.0005195220978015506
0,0,0.0037129122964317577
0,0,0.004741050574292603
0,0,0.0015969330202438776
0,0,0.0003413653523221952
0,0,0.0010150599021491063
0,0,0.3707850728978909
0,0,0.005018254009075058
0,0,0.0024408858712491707
0,0,0.00968302939324591
0,0,0.00593227488768503
0,0,0.014997397226705666
0,0,0.001262388945616345
0,0,0.0009628528179653655
0,0,0.006284037923488417
0,0,0.027219961648891913
0,0,0.0009208764336334025
0,0,0.0011150031307274335
0,0,0.004597625423624619
0,0,0.00039477314966348366
0,0,0.015528411998233276
0,0,0.007272231509388814
0,0,0.001634611168619115
0,0,0.0007895743435973975
1,0,0.4633949722600671
0,0,0.0048768022386519476
0,0,0.006575427873084822
0,0,0.0011312035789560126
0,0,0.0012492866029890114
0,0,0.04449837290722305
0,0,0.21459616843049484
0,0,0.025904772020054232
0,0,0.016793005962454314
0,0,0.02692765928097737
0,0,0.023653853314738134
0,0,0.001288783630951052
0,0,0.005374928359300182
0,0,0.06729120220935764
0,0,0.03667757454678771
0,0,0.2843973060976789
0,0,0.00034624826534866666
0,0,0.0018700515892299226
0,0,0.00092063906975035
0,0,0.0004906961560056596
0,0,0.20958736793958782
0,0,0.0011805975374369574
0,0,0.015106100395065608
0,0,0.0032446735201043892
0,0,0.0005669406688825762
0,0,0.0018643632009592904
0,0,0.012113324093157069
0,0,0.0009501720343106466
0,0,0.03960651904111379
0,0,0.011535001571265528
0,0,0.005668121856169455
0,0,0.05794834398792687
0,0,0.03317484247026517
0,0,0.014961458434970041
0,0,0.0009494779149474531
0,0,0.0008777416940048814
0,0,0.004287037489823545
0,0,0.09862522559663002
0,0,0.001212484024441504
0,0,0.001856394540199108
0,0,0.0008923159552699079
0,0,0.0005435681686738233
0,0,0.01520253832936707
0,0,0.004077637233990653
0,0,0.0077536151021996855
0,0,0.0010847306317475108
0,0,0.001506743905458715
0,0,0.0005453868434430374
0,0,0.0008952582047082253
0,0,0.0005372513430760945
0,0,0.056506179113005116
0,0,0.0005301127578630015
0,0,0.0049531334750217695
0,0,0.023459557286288103
0,0,0.0777927916903611
0,0,0.0009064936546174807
0,0,0.06462565044958236
0,0,0.05499744570748115
0,0,0.000816951057560812
0,0,0.0019849833143372477
0,0,0.000782536086566822
0,0,0.07248132896164095
0,0,0.0006065596766026495
0,0,0.17240600561365318
0,0,0.005610580982332563
0,0,0.0015033342035968313
1,0,0.4181322331879778
0,0,0.0018694740928815316
0,0,0.0018582315845162493
0,0,0.00034565285596569714
0,0,0.008410662595909243
0,0,0.01840771938749565
0,0,0.0051986630552185945
0,0,0.0015522616931048171
0,0,0.0006868650852546634
0,0,0.004935811129688894
0,0,0.2381207222049713
0,0,0.005031165535118513
0,0,0.005640589546208946
0,0,0.001837291563711411
0,0,0.020285957578706038
1,0,0.40809571737780176
0,0,0.19930701945104126
0,0,0.0031067917641214994
0,0,0.0025461673667891826
0,0,0.0018822415211096938
0,0,0.006624599745847572
0,0,0.19433006303789366
0,0,0.02004845617935222
0,0,0.0014382758702056596
0,0,0.018291289139392906
0,0,0.24140004615410604
0,0,0.0007561519098992207
0,0,0.021190406292452172
0,0,0.0038875384398617133
0,0,0.001211551515236343
0,0,0.045752776505147585
0,0,0.0015242894181873997
0,0,0.000620672229929377
0,0,0.003810981803445887
0,0,0.0015172168836992672
0,0,0.004730407361674588
0,0,0.0011251858923700356
0,0,0.003484251097509916
0,0,0.000508398977351163
0,0,0.06686048675067807
0,0,0.0011790750395648806
0,0,0.005996649744385491
0,0,0.0005543580613729316
0,0,0.0030729240986929174
0,0,0.10949380954455326
0,0,0.006966216286753075
0,0,0.0009051750556696996
0,0,0.0009079597905185519
0,0,0.06687462434957091
0,0,0.002988232647057473
1,0,0.43075631456090324
0,0,0.001826975428495305
0,0,0.00046231314737681486
0,0,0.0040310597427934605
0,0,0.12901129790495924
0,0,0.020663907260882877
0,0,0.004938612930955182
0,0,0.01924247925021445
0,0,0.056857436126705414
0,0,0.0010294407273483182
0,0,0.0009902425619041596
0,0,0.0007110047983661858
0,0,0.00040602084657468995
0,0,0.018299660833164515
0,0,0.006338472822686254
0,0,0.001920292942444057
0,0,0.0007385904846657548
0,0,0.046074120477983364
0,0,0.0008898734912761231
0,0,0.2344745057550085
0,0,0.01377806454684378
0,0,0.0009868774788561192
0,0,0.002066323782394494
0,0,0.008016391421047379
0,0,0.004007773175248105
0,0,0.0008261432040038788
0,0,0.007107801678787768
0,0,0.07692108614084939
0,0,0.0019371561938089502
0,0,0.00969094612785694
0,0,0.03669880404160148
0,0,0.003905113748904078
0,0,0.00035658859228030496
0,0,0.0005925692054762526
0,0,0.0004599956677370154
0,0,0.1547570991897499
0,0,0.07908812884266285
0,0,0.0025763632576015776
0,0,0.005561751047361131
0,0,0.057420142301604075
0,0,0.09785893788551364
1,1,0.5769583185567895
0,0,0.0031310460520421694
0,0,0.02009949200224216
0,0,0.28350245294241927
0,0,0.0009415545558445859
0,0,0.0010635766142336163
0,0,0.00043140733356118846
0,0,0.0036949755470297254
0,0,0.054892229798502064
0,0,0.0004404623075895104
0,0,0.012221255865615803
0,0,0.0051272608351348534
0,0,0.05102428347358212
0,0,0.0017464233305436814
0,0,0.026921099098740627
0,0,0.2358802772912641
1,0,0.4448090577106288
0,0,0.0012863888436150026
0,0,0.37319885629096666
0,0,0.05355720234152256
0,0,0.0040617801279967765
0,0,0.0003937188676353085
0,0,0.007755910287753499
0,0,0.0012161654978709465
0,0,0.0009808210146288049
0,0,0.003482440231652106
0,0,0.009105587654204867
0,0,0.0004454349657936698
0,0,0.0032630323923528858
0,0,0.004630058144417157
0,0,0.1606503018488817
0,0,0.005420609371680207
0,0,0.06617480594364508
0,0,0.002396607844799414
0,0,0.0014753087780820249
0,0,0.0009191647355991122
0,0,0.0047573593707276075
0,0,0.06274482801212178
0,0,0.13705902852754542
0,0,0.0005239183755522208
0,0,0.0043052492737217325
0,0,0.000530034961255442
0,0,0.021499916247072773
0,0,0.0029260840226080754
0,0,0.0033864380565352455
0,0,0.06593887851743523
0,0,0.001606381756709079
0,0,0.0003839185309149113
0,0,0.05313523689013678
0,0,0.00948128025877064
0,0,0.00895119552290737
0,0,0.0006226370666846569
0,0,0.006384185032591916
0,0,0.0007600035466632228
0,0,0.004094318641660167
0,0,0.09621689329872908
0,0,0.00954670533151543
0,0,0.0010159339124832494
0,0,0.005250028959216367
0,0,0.055340971080108325
0,0,0.00457089486786736
0,0,0.002016351151471991
0,0,0.0004593681388244394
0,0,0.0011663486744169105
0,0,0.0008111015875148523
1,1,0.536966549917005
0,0,0.017699851548575736
0,0,0.06436731289506452
0,0,0.035119594973461336
0,0,0.0009232055994542955
0,0,0.01906669379613918
0,0,0.003943569421051518
0,0,0.0015648927470469616
0,0,0.0026701457107889707
0,0,0.02708271694168975
0,0,0.0017148918705191818
0,0,0.0034784708148555754
0,0,0.01693850062859745
0,0,0.0005050369716849098
0,0,0.0009468791344494858
0,0,0.003479466097932091
0,0,0.00040606851700699086
0,0,0.001456142456528771
0,0,0.007160446436125841
0,0,0.00036954178926725683
0,0,0.00631575984906319
0,0,0.0005451913296005701
0,0,0.006252791378066274
0,0,0.001191791033407668
0,0,0.01059349877272075
0,0,0.002307363554825206
0,0,0.020701500290402644
0,0,0.001074191435150171
0,0,0.042714635297983125
1,0,0.4372831612678991
0,0,0.020971145698566052
0,0,0.0009542497480597105
0,0,0.028189377482244305
0,0,0.0004866004721795267
0,0,0.00042464753452020496
0,0,0.0014940362241955985
0,0,0.03134999277605457
0,0,0.024422034014799178
0,0,0.00207081264145087
0,0,0.006171277662867314
0,0,0.008587488009438619
0,0,0.06840298956065889
0,0,0.0015608208041161733
0,0,0.016260400890608605
0,0,0.016097270635756895
0,0,0.06160183745906519
0,0,0.014498645947854672
0,0,0.00033413405648000664
1,0,0.42982244613904996
0,0,0.003529800158815762
0,0,0.005407347010972378
0,0,0.05613547078930056
0,0,0.002038852481881416
0,0,0.021304028878885148
0,0,0.0013090306862981534
0,0,0.0018443690832788471
1,1,0.543076683971079
0,0,0.0004100953843262589
0,0,0.1471516372987061
0,0,0.0011567129728119797
0,0,0.05270001559886025
0,0,0.06223171957094095
0,0,0.001219146873339515
0,0,0.0005804849904787208
0,0,0.01054173743209807
0,0,0.0016947023136688717
0,0,0.003180025886283661
0,0,0.05032887544875712
0,0,0.0036326625023124447
0,0,0.00541797840636704
0,0,0.27808951355641676
0,0,0.03737988603050994
0,0,0.003445036608806574
0,0,0.1551469056114685
0,0,0.0004816037063193347
0,0,0.0019270593230527888
0,0,0.15072089501321653
0,0,0.0018678005919525347
0,0,0.001062210103664493
0,0,0.021277814031201908
0,0,0.019486656001019474
0,0,0.0074627775028513685
0,0,0.0009591708253354648
0,0,0.0003617867840588232
0,0,0.0003401198958186937
0,0,0.11622266932545224
0,0,0.0047013588661421885
0,0,0.37926819920731636
0,0,0.2920561124934028
1,0,0.44223907375978255
0,0,0.07551261681105094
0,0,0.005178942705506246
0,0,0.006425793911689872
0,0,0.0013629982484627797
0,0,0.0026830827212346708
0,0,0.004736706860908832
0,0,0.00042782228618219086
0,0,0.04367051371167155
0,0,0.004363821720569717
0,0,0.057655143461919266
0,0,0.13205318741601538
0,0,0.13223712503513127
0,0,0.05921353540785167
0,0,0.002003915926232022
0,0,0.051763328059336894
0,0,0.0010893863055340027
0,0,0.013843918882238777
0,0,0.000517655376657708
0,0,0.0006182583798694692
0,0,0.0006997249434452645
0,0,0.006402124981507286
1,0,0.47701133519822325
0,0,0.0019384143959339844
0,0,0.010793677689767455
0,0,0.007178296144018953
0,0,0.004615163176416794
0,0,0.029355712955039092
0,0,0.02003250470464388
0,0,0.04668908365425818
0,0,0.0011753349220694554
0,0,0.004372991839592017
0,0,0.004204655045204672
0,0,0.17945962370382865
0,0,0.0007981145315735357
0,0,0.004478844218374786
0,0,0.06805435028602091
0,0,0.03766073567405613
0,0,0.0030676457505704226
0,0,0.0021738201604574667
0,0,0.23400411420217027
0,0,0.0017180008657212045
0,0,0.0020051569277425773
0,0,0.0003365079818583741
0,0,0.0007590408070799493
0,0,0.3640196883269391
0,0,0.0012314525931280515
0,0,0.019252629984120972
0,0,0.0019181616561102259
0,0,0.0012896799891057114
0,0,0.0009301535679138317
0,0,0.0031581308247948907
0,0,0.0008081346607988611
0,0,0.0018238580938208413
0,0,0.018854094151913456
0,0,0.005696217717243964
0,0,0.0009053059621959049
0,0,0.001042359165791371
0,0,0.0031008316368441387
0,0,0.039743632865307875
0,0,0.004961097753932601
0,0,0.0017300146117880542
0,0,0.0008849742824994685
1,0,0.4481761462829849
0,0,0.020048318766711967
0,0,0.021586563025481943
0,0,0.11443031857513791
0,0,0.0009927161000732097
0,0,0.019124683175920535
0,0,0.0005588850814227341
0,0,0.0007052849005164078
0,0,0.001974092998729323
0,0,0.004066864152277759
0,0,0.004621499599942076
0,0,0.010680446666916836
0,0,0.002206584574770354
0,0,0.1090134047052375
0,0,0.3184551002812913
0,0,0.000598446545378596
0,0,0.020034214010970407
1,0,0.38203062605744
0,0,0.0599709980671741
0,0,0.061288779212212305
0,0,0.3992866276182921
0,0,0.0020978022093805383
0,0,0.008305759146091418
0,0,0.059607912731794055
0,0,0.02372017627207507
0,0,0.0008859635413711332
0,0,0.37181098762945364
0,0,0.0009452339838050017
0,0,0.016981616459280983
0,0,0.004535769823036915
0,0,0.0017082466114306176
0,0,0.0005016570369323956
0,0,0.00033454963123827813
0,0,0.0006076465090699759
0,0,0.006651961685117196
0,0,0.0009186992591692181
0,0,0.0008302985862853922
0,0,0.0017320526548431788
0,0,0.3588000203615596
0,0,0.0010199646561230525
1,0,0.3989610202267786
0,0,0.0661165964928476
0,0,0.001930337910924802
0,0,0.0009349720611260802
0,0,0.00425679282227189
0,0,0.0031837621705502832
0,0,0.0019503941535441004
0,0,0.07658955572485267
0,0,0.019012000322540936
0,0,0.00034705173955050793
0,0,0.0003381181947895021
1,0,0.46971869028468616
1,0,0.4579862463437017
0,0,0.005720839129244348
0,0,0.0004112021251304002
0,0,0.07613543551205487
0,0,0.0010309034853816566
0,0,0.0005038112633618762
0,0,0.007299063157310841
0,0,0.0005502971630210918
0,0,0.3010406350365619
0,0,0.0006863421135321395
0,0,0.0004636409408637527
0,0,0.025939991802037075
0,0,0.0010420515663204105
0,0,0.0004450493623839229
0,0,0.04374494699066631
1,1,0.5730555378401699
0,0,0.0005500060941741903
0,0,0.014196766664260996
0,0,0.0014704579068590153
0,0,0.0025679900938866424
0,0,0.02056300471684009
0,0,0.314467099771351
0,0,0.023829409325047065
1,1,0.5403871041606041
0,0,0.0015274234384560182
0,0,0.025042693437846653
0,0,0.00047341402590615555
0,0,0.0020215032216619917
0,0,0.0009230218051662395
0,0,0.005778700425426567
0,0,0.0006288831815032788
0,0,0.05561170843990922
0,0,0.0021133294810075404
0,0,0.00042579725866973375
0,0,0.029301531837734884
0,0,0.004064876269925828
0,0,0.0007925111060396395
0,0,0.3626380423971236
0,0,0.0017138010618115605
0,0,0.0031158572112202363
0,0,0.0014574705211084897
0,0,0.00042305474862130483
0,0,0.0004713549792819177
0,0,0.0037918466768047643
0,0,0.007677058671619055
0,0,0.004117724816385088
0,0,0.01820597498758333
0,0,0.003106291560425154
0,0,0.006609349935417531
0,0,0.00651035123803004
0,0,0.010249855711181205
0,0,0.0014238362996211625
0,0,0.03768390777611757
0,0,0.0017684263454772677
0,0,0.0003397205600030879
0,0,0.006546627432441221
1,0,0.4156447457256084
0,0,0.0590585785147056
0,0,0.0006177549976877422
0,0,0.0071798863205321355
0,0,0.003977506716045475
0,0,0.11792993531820663
0,0,0.0018214038681767294
0,0,0.0050461915603674246
0,0,0.11491117099571863
0,0,0.019322381404572687
0,0,0.0016065056383583853
0,0,0.0005020850089270884
0,0,0.018751010430256898
0,0,0.0056690852280177825
0,0,0.0004118116626538107
0,0,0.0003868466085523531
0,0,0.0011059127755249794
0,0,0.0028497350909012565
0,0,0.020361682448153156
0,0,0.0010523142835189862
0,0,0.02368657036085511
0,0,0.0016604411282877605
0,0,0.0037492982076721033
0,0,0.011738745210085829
0,0,0.0006340704471038271
0,0,0.0012868107157999712
0,0,0.0008205925444043684
0,0,0.006085471513629204
0,0,0.0008071834325415863
0,0,0.006714464652606251
0,0,0.0009489997461636414
0,0,0.009880750676665646
0,0,0.0006076866419667613
0,0,0.0005131229618535985
0,0,0.0029609991241459285
0,0,0.0051704178964506655
0,0,0.0003590835900833549
0,0,0.3552378301173886
0,0,0.06900830374954212
0,0,0.07878190191263414
0,0,0.0037835238697460872
0,0,0.038516637298222585
0,0,0.0007716488914678578
0,0,0.007014672206564597
0,0,0.006097133348499247
0,0,0.004460174603627978
0,0,0.0024146387927097878
0,0,0.0007950100514944755
0,0,0.33967167882983773
0,0,0.13895682280317773
0,0,0.05711734610879627
0,0,0.0034531321326965563
0,0,0.0015169219071535609
0,0,0.059563221030504945
0,0,0.005683549436362108
0,0,0.0008733563818671565
0,0,0.00041882734146289516
0,0,0.004722219819542862
0,0,0.004493376264343379
0,0,0.00654812380988141
0,0,0.0011503378808665906
0,0,0.0149664883073005
0,0,0.001515510656739863
0,0,0.17651636381739985
0,0,0.0014449381686563567
0,0,0.0009398102971878373
0,0,0.0005463982921120504
0,0,0.0006881048568948534
0,0,0.004287610687650203
0,0,0.023170208494809878
0,0,0.0005276912123907071
0,0,0.0017221466086352168
0,0,0.0005705270920581815
0,0,0.0021639578707355013
0,0,0.0018375172809540227
1,0,0.47702276906251206
0,0,0.0036659386632188064
0,0,0.0007383856350364307
0,0,0.005807621929486651
0,0,0.007139053140747858
0,0,0.03702273595406623
0,0,0.0009801417970993008
0,0,0.0003510133632982913
0,0,0.0016172757836313365
0,0,0.005502084082005748
0,0,0.0006014657439192953
0,0,0.001572946442898467
0,0,0.000506439099476812
0,0,0.010759567277285985
0,0,0.008632167007454682
0,0,0.0008305547703391393
0,0,0.0008280017356619978
0,0,0.010738325998056476
0,0,0.0020391015149170146
0,0,0.007920615940039677
0,0,0.005973762809859858
0,0,0.0004174223581954502
1,1,0.5182002606687963
0,0,0.001095194103150568
0,0,0.0015134786380892864
0,0,0.019551988513514255
0,0,0.0013690077579713315
0,0,0.004164362807718929
0,0,0.0011092055034946095
0,0,0.07051301245147107
0,0,0.0025738144633222024
0,0,0.13063721126053301
0,0,0.005752205537012255
0,0,0.0005895933735047519
0,0,0.0017292484827870422
0,0,0.002041415331821745
0,0,0.005073396125344637
0,0,0.15941093269439022
0,0,0.0004623808520197934
0,0,0.030738450743405237
0,0,0.0011068150624122454
0,0,0.0034699497183259434
0,0,0.0003412220785832346
0,0,0.00043969999711329085
0,0,0.0034220720915474033
0,0,0.004625400128479822
0,0,0.0066405392088098175
0,0,0.0005048414521863076
0,0,0.004295616337530642
0,0,0.0009607267726945043
0,0,0.05643540250713929
0,0,0.019653667571785043
0,0,0.05015986763122874
0,0,0.017163016553828223
0,0,0.001806822049129198
0,0,0.0006921592209635937
0,0,0.0007976333844567238
0,0,0.007343478177248046
0,0,0.00047872322147737904
0,0,0.009451916150854459
0,0,0.020648260883891552
0,0,0.004747948738841922
0,0,0.002107018039753696
0,0,0.0014543950668259122
0,0,0.0005350974896734776
0,0,0.3585829339137113
0,0,0.0016863787878600854
0,0,0.06616724342842505
0,0,0.0007769366031184147
0,0,0.0014411764171433539
0,0,0.0008215615659501733
0,0,0.0003399738197628509
0,0,0.007372978546857291
0,0,0.014435845039181243
0,0,0.005211222269799131
0,0,0.027417372403256462
0,0,0.0006666838189673914
0,0,0.0006224129956885466
0,0,0.17922207717901972
0,0,0.0062416837797746915
0,0,0.0007769398333230664
0,0,0.0016077198091589942
0,0,0.0009483806837540157
0,0,0.005755136125506833
0,0,0.0011369036156005233
0,0,0.02001547474631337
0,0,0.0014755148087580267
0,0,0.0005408033278285048
0,0,0.0007458947000918782
0,0,0.05586893433544851
0,0,0.019836244434101168
1,0,0.45847529062577325
0,0,0.0005403217910964853
0,0,0.017122560503067073
0,0,0.2477425155566977
0,0,0.010875839369230091
0,0,0.001519694740218254
0,0,0.00048359595831353575
0,0,0.0044858420277141455
0,0,0.007035070059284758
0,0,0.06109088960269625
0,0,0.0035547505078165837
0,0,0.009574136259606906
0,0,0.00572833216454953
0,0,0.010193368428539568
0,0,0.058569819974361254
0,0,0.004922148014475048
0,0,0.006460297981924631
0,0,0.0006132773143136614
0,0,0.0011286983884021206
0,0,0.10334866738260226
0,0,0.0013771530810831217
0,0,0.02663838975219352
0,0,0.05517528040082554
0,0,0.06321429632621102
0,0,0.013508402506549704
0,0,0.00450189111110725
0,0,0.0017462612182863552
0,0,0.0032083245989862697
1,0,0.375282820734311
0,0,0.0012920429082564867
0,0,0.0027069134951940186
0,0,0.0021201448966654875
0,0,0.21992801918195706
0,0,0.00034003644941945515
0,0,0.0003748190827499976
0,0,0.0032259475971965937
1,0,0.4634693039317807
0,0,0.0009991838093076641
0,0,0.0011616021931666843
0,0,0.06853054796001491
0,0,0.00041791677452435183
0,0,0.008239061787092796
0,0,0.0014502754726394992
0,0,0.07679173628702726
0,0,0.016542776544456718
0,0,0.0021397181398171896
0,0,0.11654784209285063
0,0,0.002431789590989904
0,0,0.00046309438159870434
0,0,0.005555181559870356
0,0,0.015409931073341258
0,0,0.0007819159500319721
0,0,0.0017079645994810297
0,0,0.0008649250314907563
0,0,0.020509713985504843
0,0,0.34582079978538016
0,0,0.0005502450548686958
0,0,0.01061952144120737
0,0,0.005042055534528638
0,0,0.3777949221076014
0,0,0.021996886887936454
0,0,0.0695840249267815
0,0,0.03181778467534819
0,0,0.005786333235455387
0,0,0.002547997310442478
0,0,0.047612969128548205
0,0,0.00042337217729155637
0,0,0.00040198001602290514
0,0,0.0005660424462167938
0,0,0.00038371822661391493
0,0,0.02108782523328075
0,0,0.0005490245834750004
0,0,0.014244523315363376
0,0,0.002883951815627847
0,0,0.0011144222046509196
0,0,0.0031277441759031957
0,0,0.0062445103569038814
0,0,0.0008546455401224441
0,0,0.009173499423571785
1,0,0.4884641077320942
0,0,0.08031852710601395
0,0,0.022031116299469418
0,0,0.20397423348606483
0,0,0.0015623887745196212
0,0,0.0007335966206095187
0,0,0.0008048441769984609
0,0,0.004082023264159616
0,0,0.03009719295701725
0,0,0.003109838506575347
0,0,0.0009189335630295463
0,0,0.012422203501969467
0,0,0.00183274690514606
0,0,0.007260066883009446
0,0,0.004430386789982568
0,0,0.008193107162721296
0,0,0.0033504006770206417
0,0,0.0006717593313199333
0,0,0.0013106068632131752
0,0,0.08006283875709168
0,0,0.005662911827646941
0,0,0.005764689268244215
0,0,0.0014981632284349058
0,0,0.0007002706311827152
0,0,0.006398020278779343
0,0,0.00557066573097469
1,0,0.4150599746992372
1,0,0.4625562231495318
0,0,0.018678232017979045
0,0,0.07244076624662882
0,0,0.0008325261948742385
0,0,0.0013021368803624292
0,0,0.0450649227531314
0,0,0.006104643126848972
0,0,0.0018485656484315252
1,0,0.4831465559433329
0,0,0.0024207503273548114
0,0,0.02217854728999153
0,0,0.004502268831307564
0,0,0.0010566110498157052
0,0,0.039824017102086676
0,0,0.005225163623493608
0,0,0.0006051570669989917
0,0,0.005538043534662661
0,0,0.0020222610413871966
0,0,0.0020825652586105624
0,0,0.0034327252962430333
0,0,0.03254897538417357
0,0,0.006934348389945597
0,0,0.012839266500419812
0,0,0.0008823490264645342
0,0,0.025134099755421753
0,0,0.019594516017601354
0,0,0.3120967184045806
0,0,0.0006367606445913206
0,0,0.0051715026572576196
0,0,0.0007948614741651877
0,0,0.001314767630206207
0,0,0.0015907396268930185
0,0,0.0037906515464851452
0,0,0.017099085123196398
0,0,0.0050803441505463415
0,0,0.001024125513282061
0,0,0.0017198146486425848
0,0,0.0033272555105478712
0,0,0.0010742035009051443
0,0,0.01819985740718031
0,0,0.0017688171178344206
0,0,0.0018451809849071674
0,0,0.0016641304236390507
0,0,0.08545176892376244
0,0,0.00043162692815542264
0,0,0.001180448322577081
0,0,0.222732295349941
0,0,0.011375006994304914
0,0,0.04159853717905175
0,0,0.004381162387853013
0,0,0.005125355921575121
0,0,0.002331658242038405
0,0,0.0013175380542492564
0,0,0.017645093166973016
0,0,0.010498311840691403
0,0,0.0008624450930949981
0,0,0.0003541910155062748
0,0,0.057759509046674644
0,0,0.00036041975206726134
0,0,0.004126937560295474
0,0,0.0011192517504988702
0,0,0.010620142304494784
0,0,0.00238503402889111
0,0,0.01242700400426241
0,0,0.0016945958188964109
0,0,0.0009609969591587881
0,0,0.0012935873421676288
0,0,0.002084058332079469
0,0,0.0009341223023020893
0,0,0.0003728785079578017
0,0,0.0010121559194120556
0,0,0.21894831812072754
0,0,0.006101584609325809
0,0,0.15053247445047868
0,0,0.0040618169281780615
0,0,0.0009754249246436003
1,0,0.3769901918199668
0,0,0.1538173331492255
0,0,0.005575764244568755
0,0,0.07601814840995708
0,0,0.11981610750984605
0,0,0.01477773094084468
0,0,0.00043598528405042284
1,0,0.4302550830049088
0,0,0.007975502036982334
0,0,0.000513723512925473
0,0,0.0005783619663217038
0,0,0.0021194504012949514
0,0,0.008947315729639803
0,0,0.0026927538701086405
0,0,0.0015689796081553328
0,0,0.008152621477777724
0,0,0.00797640419749818
0,0,0.026409532594068842
0,0,0.0008021531557376787
0,0,0.0017834132080014338
0,0,0.001251430573333506
0,0,0.0015453329278092552
0,0,0.0012486401905904348
0,0,0.00048757043135286174
0,0,0.06658481256175176
0,0,0.0011360093522360774
0,0,0.0008357069580965835
0,0,0.006416224293067188
1,1,0.5972267462902827
0,0,0.00038468200809354186
0,0,0.005430414883879086
0,0,0.000432342125496571
0,0,0.05059339983737284
0,0,0.002047683510678247
0,0,0.0016790565113503516
0,0,0.00042248408025796693
0,0,0.008873867306805248
0,0,0.008428794109239005
0,0,0.0010962062947259606
0,0,0.000535930460203448
0,0,0.00040903923595707374
0,0,0.0011597131414911195
0,0,0.002111310449072363
0,0,0.004454070943124252
0,0,0.011629080162340332
0,0,0.0916950752801984
0,0,0.0012467849235488517
0,0,0.12789831624764975
0,0,0.008957360768703407
0,0,0.01083511426910552
0,0,0.00411182865706045
0,0,0.0008442833824410938
0,0,0.0009194495739634082
0,0,0.000492168731153101
0,0,0.010889859689007332
0,0,0.11541016457097379
0,0,0.001189895841816475
0,0,0.0643163734662729
0,0,0.0034733633859574116
0,0,0.001728682995322899
0,0,0.0005961832553383724
0,0,0.060459988831196486
0,0,0.0536590653351564
0,0,0.000574102851533392
0,0,0.0005258635339127519
0,0,0.00044882480860720817
0,0,0.13885949375341528
0,0,0.0525842101254636
0,0,0.025203812370066726
0,0,0.005152567554219889
0,0,0.0008326204375654366
0,0,0.0015182676495818152
0,0,0.0012684355194901953
0,0,0.0006431483518747838
0,0,0.02620963295779256
0,0,0.14616517604605153
0,0,0.0005898344967947642
0,0,0.0043487985244043195
0,0,0.0016665976172397239
0,0,0.003922070239457787
0,0,0.005926098444240083
0,0,0.0016253307889296967
0,0,0.008378120151225148
0,0,0.002407381026861997
0,0,0.05798164114507676
0,0,0.0026484084520089577
0,0,0.0008957571693461959
0,0,0.0004531731526428384
0,0,0.019165699958382798
0,0,0.009792800170893179
0,0,0.2509159113926252
0,0,0.002035096668238096
0,0,0.0071197672989348525
0,0,0.0014487354899903975
0,0,0.18587525135503954
0,0,0.01775653924465273
0,0,0.0012109483228762638
0,0,0.0012368063362270588
0,0,0.020626189546411402
0,0,0.0007668125357188704
0,0,0.001611225748332418
0,0,0.0016138185865366078
0,0,0.0005162556013040038
0,0,0.000616817096383344
0,0,0.36357257211445526
0,0,0.0051931304766720835
0,0,0.004884251912356033
0,0,0.3540184140446018
0,0,0.0012809285606638742
0,0,0.018544143104706232
0,0,0.005630449427249657
0,0,0.008464747365598333
0,0,0.015537705174286251
0,0,0.003971958576649674
0,0,0.009999602087709905
0,0,0.006342949323460781
0,0,0.0004950354355919708
0,0,0.012683470892336877
0,0,0.011985643130781109
0,0,0.000525358383434115
0,0,0.037458979197897174
0,0,0.003607346965972243
0,0,0.020022828457125656
0,0,0.0017917094316264222
0,0,0.006720360043436332
0,0,0.0005412934398380973
0,0,0.028687287568145585
0,0,0.33954298543272005
0,0,0.004416229801457921
0,0,0.05088348394153916
0,0,0.0007404161996764619
0,0,0.07426174203658195
0,0,0.0011946693601413464
0,0,0.005541019536102746
0,0,0.0047152734726013295
0,0,0.11959267701839425
0,0,0.05354579034869238
0,0,0.048068224276891384
0,0,0.0703798637688919
0,0,0.05739454419729103
0,0,0.0019787858351845516
0,0,0.002708967405355232
0,0,0.0007434305021576158
0,0,0.002964549096555608
0,0,0.0010494816584910702
0,0,0.005708025079201067
0,0,0.016279591360781068
0,0,0.015207161496979052
1,0,0.48405722282472646
0,0,0.010013856129681982
0,0,0.007112052138252336
0,0,0.11898768867962692
0,0,0.03683012977376424
0,0,0.0055107157593390224
0,0,0.023295077751552595
0,0,0.00441408114683579
0,0,0.0011314394943893245
0,0,0.0008761296325564286
0,0,0.0003893000599333543
0,0,0.0004017599188740935
0,0,0.005286009795048602
0,0,0.33745832233280765
0,0,0.000878634494237785
0,0,0.0017143138094876673
0,0,0.007750202159147161
0,0,0.006874607403846244
0,0,0.007841931152155245
0,0,0.2543678225524737
0,0,0.05966980098636161
0,0,0.001585397395956027
0,0,0.0012028481486696056
0,0,0.0056814157741308805
0,0,0.0020453376341741567
0,0,0.10558413132968689
0,0,0.0018004632863865963
0,0,0.008852194708419995
0,0,0.00979221345912902
0,0,0.02305171711629737
0,0,0.0011616634351464836
0,0,0.025418119222130227
0,0,0.0007905910041729566
0,0,0.2878360290332563
0,0,0.004841805434252377
0,0,0.005491321161753198
0,0,0.001001547365325564
0,0,0.04268680589431777
0,0,0.00044600480380374796
0,0,0.004138944387893777
0,0,0.14579237416930074
0,0,0.0016329744100720565
0,0,0.004401033638670189
0,0,0.009632113882626346
0,0,0.0018465518725891013
0,0,0.0013728617534856183
0,0,0.0015785458878866054
0,0,0.0007808375788669442
0,0,0.08967438161764195
0,0,0.005902311791892714
0,0,0.010654943516656612
0,0,0.06250500230885851
1,0,0.4439969098326302
0,0,0.05252012440995194
0,0,0.0004347925653799167
0,0,0.07508536435381098
0,0,0.0009079017523230384
0,0,0.00047298504273973757
1,0,0.49937809714865755
0,0,0.00039929593184847694
0,0,0.0009688644792066755
0,0,0.0004779767645840974
0,0,0.008010884953216729
0,0,0.0017174654624147715
0,0,0.0005249966376896025
0,0,0.00042299944143865665
0,0,0.015822540886202493
0,0,0.00071431238541935
0,0,0.0009536612362221857
0,0,0.00040362594936813674
0,0,0.0012199126643931634
0,0,0.0051935769858148
0,0,0.0016954668260761563
0,0,0.004738071750101921
0,0,0.009384949616008907
0,0,0.0007486638886515303
0,0,0.01803688311878282
0,0,0.1137338257867439
0,0,0.01915490396788983
0,0,0.001260500040113978
0,0,0.001407803609956585
0,0,0.0031930314155088667
0,0,0.0008552782032277012
0,0,0.002949306837815655
0,0,0.1787242636015402
0,0,0.0035463780196114945
0,0,0.07435327574720586
0,0,0.0005599297863228643
0,0,0.004456282378117266
0,0,0.0838821873247226
0,0,0.00626957141164655
0,0,0.0005419197382821617
0,0,0.0011791215347686276
0,0,0.001622887253952594
0,0,0.014949234843776475
0,0,0.06035676807857371
0,0,0.0008893740641732102
0,0,0.0009543040779329764
0,0,0.02432404735290306
0,0,0.0003456288063335725
0,0,0.0007642200344715332
0,0,0.21965951182807195
0,0,0.11317273689781611
0,0,0.005584809924824724
0,0,0.0004948579631142782
0,0,0.015107837691248396
0,0,0.0007198254220548993
0,0,0.0007924443701560241
0,0,0.0010223716221286789
0,0,0.005859587590736312
0,0,0.0012651923383584468
0,0,0.001180080193205508
0,0,0.01596264891210569
0,0,0.053514754602803985
0,0,0.003118093181542051
0,0,0.005631485014607584
0,0,0.000790853731134788
0,0,0.2010174031050939
0,0,0.01809089714128906
0,0,0.20695095148543521
0,0,0.012066208660907638
0,0,0.0012588632484955263
0,0,0.0011030450077863141
0,0,0.013086698406813963
0,0,0.0004969798738111521
0,0,0.11084688227393112
0,0,0.0005891612967720831
0,0,0.0003586166125903624
0,0,0.000987415054825137
0,0,0.18333199676813716
0,0,0.04029191534613777
0,0,0.0018045507101167237
0,0,0.010950705380617678
0,0,0.0008550666392995916
0,0,0.006702202511968115
0,0,0.0489393807640678
0,0,0.001064841581187673
0,0,0.0008167190610272571
0,0,0.053056463028612444
0,0,0.024959650058427603
0,0,0.0009559199181793053
0,0,0.005095488024289756
0,0,0.0009756242847791049
0,0,0.04870870061278843
0,0,0.00078311587843393
0,0,0.007782220225363308
0,0,0.12088875637465134
0,0,0.13262202103336776
0,0,0.007633422361516267
0,0,0.0005725795263098326
0,0,0.0051556425197391035
1,0,0.4222237281532273
0,0,0.121463488067608
0,0,0.054121190408837824
0,0,0.01765929918416515
0,0,0.007383485541835364
0,0,0.2349064029216271
0,0,0.0033615251282095846
0,0,0.005289463568278081
0,0,0.001231361870555138
1,1,0.5665424684644645
0,0,0.0008140238988962056
0,0,0.002876404440609441
0,0,0.0009566578278460424
0,0,0.0017013906746254893
0,0,0.10716805307528696
0,0,0.0011061793657190407
0,0,0.0018453664923160252
0,0,0.001018659707126766
0,0,0.0010711492292347622
0,0,0.0003790190185496157
0,0,0.0023016670087329856
0,0,0.023628074504053246
0,0,0.0041448445501177655
0,0,0.006062922038781931
0,0,0.025277520292990498
0,0,0.24270098449963354
0,0,0.0006679826293208978
0,0,0.3066018998520746
0,0,0.0011142109456615866
0,0,0.008788547153180113
0,0,0.04240604961485337
0,0,0.008978137670812958
0,0,0.20305689359778334
0,0,0.0007957695640602813
0,0,0.11662073541645016
0,0,0.00193451303951919
0,0,0.011905789751920477
0,0,0.0007830288798974439
0,0,0.0011290425688884082
0,0,0.0007956964476546869
0,0,0.0005337501521393535
1,1,0.666918909443078
0,0,0.007388912714151392
0,0,0.005405637846466648
0,0,0.005233132164888641
0,0,0.0004647017512651735
0,0,0.0010752016152637842
0,0,0.0011592001206277354
0,0,0.0045717493658340436
0,0,0.000504277190225097
0,0,0.015623383905586884
0,0,0.01929285959395195
0,0,0.01508878153478334
0,0,0.020237952269973495
0,0,0.004012203028230268
0,0,0.002393075037641009
0,0,0.004298496160216394
0,0,0.0035971161697140952
0,0,0.022520716079466523
0,0,0.005629142118406385
0,0,0.0006335818588115344
0,0,0.0013499853671711075
0,0,0.0016835468138544057
0,0,0.0019807596236790155
0,0,0.016362864345071036
0,0,0.009616842239912552
0,0,0.22312103984008233
0,0,0.0023275210419605934
0,0,0.25729492318866914
0,0,0.0004995071550768166
0,0,0.011763893392217359
0,0,0.004268891810235908
0,0,0.0033301717461215827
0,0,0.008964281999158776
0,0,0.002936038017629287
0,0,0.0007295658327848158
0,0,0.003433281572217085
0,0,0.0005879324174762379
0,0,0.02390896267854687
0,0,0.002522446448385502
0,0,0.27159170237238883
0,0,0.006919467001358513
0,0,0.0054919895714824855
0,0,0.0006806145171051834
0,0,0.2105734364090793
0,0,0.07745090221600674
0,0,0.000938931789690206
0,0,0.005139036952317423
0,0,0.010801871639177922
0,0,0.002639438091566723
0,0,0.0024202564917890413
0,0,0.0014405007311892122
0,0,0.014644181379859752
0,0,0.00045218007581635027
0,0,0.004968466583310579
0,0,0.004954467054406644
0,0,0.00033654703200602427
0,0,0.0009096605526425343
0,0,0.0027811734099987373
0,0,0.024852374222840458
0,0,0.001922348125268645
0,0,0.048443483544123894
0,0,0.2296914983124185
0,0,0.0005514327586130368
0,0,0.0674552315272593
0,0,0.012217828543640665
0,0,0.0005581599688480523
0,0,0.00033586108882008693
0,0,0.08275506580148723
0,0,0.0005307350498750996
0,0,0.0010119738721995123
0,0,0.005408857265325892
0,0,0.05328075070775693
0,0,0.0063952980785049116
0,0,0.0018363786658860402
0,0,0.0005259484325309635
0,0,0.0004282549439604259
0,0,0.061286426400156364
0,0,0.0011385355339103898
0,0,0.016595501007879623
0,0,0.0010709385866464504
0,0,0.004641589113287514
0,0,0.0018206163670577448
0,0,0.0031233025393054537
0,0,0.0007121644167627059
0,0,0.0008420072655721022
0,0,0.20775597444104243
0,0,0.003045089923348124
0,0,0.0004952306433647211
0,0,0.0013646935822776189
0,0,0.015567422572112757
0,0,0.0006231115551821966
0,0,0.021142557261478068
0,0,0.0026889196376848087
0,0,0.06058576007500438
0,0,0.00627147821761788
0,0,0.0018925210312453727
0,0,0.01119921432838306
0,0,0.028100326352379267
0,0,0.005135302018817676
0,0,0.008809714184483392
0,0,0.002053565260826832
0,0,0.0003948444989434826
0,0,0.3056990102459012
0,0,0.0011318631999722231
0,0,0.0032293224081731053
0,0,0.0018018061068632177
0,0,0.01783908105734069
0,0,0.02922747078862057
0,0,0.03499799449454032
0,0,0.01024483448229891
0,0,0.04491906991913339
0,0,0.006289275908097865
1,0,0.40364560857214365
0,0,0.020150981526876718
0,0,0.02626360752194932
0,0,0.0007432110506993727
0,0,0.02056701177025357
0,0,0.010252995385875928
0,0,0.004389222681203119
0,0,0.009963601407148453
0,0,0.0008891801864766861
0,0,0.0006483129558394172
0,0,0.00499218597218663
0,0,0.0010134379862457908
0,0,0.0017629579447569457
0,0,0.0010861811654627376
0,0,0.016668438576711544
0,0,0.002209846553818538
0,0,0.0010465747212118123
0,0,0.014222441481008768
0,0,0.0004911824024147025
0,0,0.008412826633259894
0,0,0.0034524284190465934
0,0,0.0016368958862672282
0,0,0.0036782630796760953
0,0,0.022944594305964208
0,0,0.02512786331496008
0,0,0.0009662879537493846
0,0,0.0023086196524817817
0,0,0.0006790493103602735
0,0,0.000626166733298254
0,0,0.04806214551163255
0,0,0.1773045766743048
0,0,0.007988700705616851
0,0,0.0097340803347862
0,0,0.002334610286549491
0,0,0.0018855144266538093
0,0,0.0017272246104874354
0,0,0.07265403465132007
0,0,0.0023623276521912723
0,0,0.14329042750290916
0,0,0.0003936953425912595
0,0,0.0010348887221397235
0,0,0.01956140143636686
0,0,0.0004303725561627084
0,0,0.0020828768805013493
0,0,0.05754378909203109
0,0,0.013738168173215921
0,0,0.0020762013791458646
0,0,0.01656397991948085
0,0,0.0009967108770430912
0,0,0.002310338020474099
0,0,0.0006770059150770722
0,0,0.020856703323385496
0,0,0.004623832487775697
0,0,0.0005226941655678498
0,0,0.002587941386421728
0,0,0.0003701112026510988
0,0,0.020798587679505657
1,0,0.417142174879804
0,0,0.000858548760875756
0,0,0.004772016238209223
0,0,0.018682590822268072
0,0,0.005647461394384468
0,0,0.0004249477489580466
0,0,0.0021218832698935153
0,0,0.005170518539294091
0,0,0.0018817856745312754
0,0,0.0009930406967965466
0,0,0.18393810335736235
1,1,0.5031040123518786
0,0,0.0004155599616827394
0,0,0.004460393546397659
0,0,0.0008177103371268134
0,0,0.004072165606715084
1,0,0.3850116337464934
0,0,0.003784353229377258
0,0,0.006743562711041051
0,0,0.006309844223656413
0,0,0.0004569475275023563
0,0,0.058595545464782184
0,0,0.004674919508420064
0,0,0.00410504310923548
0,0,0.049670897497825044
0,0,0.06585446372828765
0,0,0.0033271012507436366
0,0,0.016489983555848964
0,0,0.3272341396790874
0,0,0.0016745770182604645
0,0,0.0016009994263576316
0,0,0.0069163370315074016
0,0,0.0019831367143766845
0,0,0.002267171299349439
0,0,0.006934668427214255
0,0,0.0006084328967269421
0,0,0.00038540361974629127
0,0,0.0061984416389140266
0,0,0.016400336964474408
0,0,0.014250048047610812
0,0,0.00589646770120887
0,0,0.06892337525100842
0,0,0.008855837011169211
0,0,0.0018448352429875875
0,0,0.0016702464002487513
0,0,0.004415113947148232
0,0,0.00045023755590112015
0,0,0.0005111445090389387
0,0,0.003934957828749812
0,0,0.009204372779136185
0,0,0.013444131534541605
0,0,0.0666217661058705
0,0,0.002799935028197263
0,0,0.0006042296508919379
0,0,0.0013455469306457727
0,0,0.03788292864714811
0,0,0.0015435100222725645
0,0,0.029342912383802214
0,0,0.026801749481368195
0,0,0.0006636615719658309
0,0,0.04938181850917326
0,0,0.010003718529118305
0,0,0.0173536340574974
0,0,0.003215159664775417
0,0,0.0010022364593061106
0,0,0.05243106068644741
0,0,0.021137549873965916
0,0,0.0014616778453028466
0,0,0.0005239727559495915
0,0,0.0003769993729162414
0,0,0.00035829072211053265
0,0,0.0003604881568088718
0,0,0.323068647610173
0,0,0.036226115432140264
0,0,0.0025141840318789782
0,0,0.0050751860403704515
0,0,0.010693563174234127
0,0,0.0035005888393185008
0,0,0.0009949225894406407
0,0,0.0035725738371474493
0,0,0.0010466167608692348
0,0,0.004645501947106959
0,0,0.0007655875374530501
0,0,0.005573035087934636
0,0,0.07698126332974817
0,0,0.0005991018551824086
0,0,0.006249754779448187
0,0,0.04898115745899557
0,0,0.0014157033810554243
0,0,0.019510133518474696
0,0,0.0061682375283878006
0,0,0.0005585166457142907
1,0,0.3805190774516902
0,0,0.0007115980566375933
0,0,0.023695451707169152
0,0,0.0004208529184721131
0,0,0.016125328133095137
0,0,0.004107872934495934
0,0,0.0558401516775857
0,0,0.01025670754042933
0,0,0.008369798650351248
0,0,0.062330046029805956
0,0,0.0005019155366212407
0,0,0.025094581834649965
0,0,0.34635937151312124
0,0,0.00101946457309836
0,0,0.0011746086115431399
0,0,0.0004953445290194012
0,0,0.0011882209953774025
0,0,0.001016893589245888
0,0,0.004934502474295207
0,0,0.0005581980082529018
0,0,0.000932089928726616
0,0,0.004542710633497277
0,0,0.02049607021015023
0,0,0.0017015337514279065
0,0,0.0022181779244409713
0,0,0.000933539668650864
0,0,0.00047952513925241766
0,0,0.00038528604479135995
0,0,0.006343467274747756
0,0,0.0056523254212610605
0,0,0.001036300926989879
0,0,0.004269269228825678
0,0,0.005788349269229222
0,0,0.007451954422670153
0,0,0.21749115163619862
0,0,0.00414451706461789
0,0,0.0019366880852125764
0,0,0.049305253787550476
0,0,0.0011926150035145861
0,0,0.005923907114237999
0,0,0.0018708094717461465
0,0,0.0043803557124812
0,0,0.0637694105422108
0,0,0.005560788718677565
0,0,0.006522604503831033
0,0,0.0005597317983542728
0,0,0.02734214489487024
0,0,0.003379608640835012
0,0,0.0006605179459296301
0,0,0.07935216392931732
0,0,0.06235833479015899
0,0,0.06891556296256734
0,0,0.000877299620741812
0,0,0.002027232141705916
0,0,0.0267432590413539
0,0,0.14068152887314447
0,0,0.001847906997433863
0,0,0.0011242968830541906
0,0,0.004585082342064202
0,0,0.044265264912173835
0,0,0.021459429040097962
0,0,0.0008391909422834522
0,0,0.0007727939064669697
0,0,0.006255055860679889
0,0,0.014708711546287022
0,0,0.0038808795397045964
0,0,0.02138578360019858
0,0,0.23139872471661524
0,0,0.0009802883688115878
0,0,0.0044687482266625046
0,0,0.0072760594278681295
0,0,0.0010953042436423889
0,0,0.006050178839388488
0,0,0.002440548712715529
0,0,0.0042480884067813505
0,0,0.008460510711041782
0,0,0.014743986817745665
0,0,0.0007093722476462712
0,0,0.0012690487114835728
0,0,0.04490539328602148
0,0,0.028549125818426595
0,0,0.0013351169596662518
0,0,0.004054551581052842
0,0,0.0006244544911306958
0,0,0.0007741037452700069
0,0,0.0012448132677091764
1,1,0.503150076735548
0,0,0.12910125836542707
0,0,0.001265430510158348
0,0,0.005468340206007981
0,0,0.0013084497889167017
0,0,0.06312527622904016
0,0,0.016815160914892338
0,0,0.0007065744725085563
0,0,0.08650325697667002
0,0,0.0010637746853831118
0,0,0.0005101656603834055
0,0,0.0038429819033910665
0,0,0.003721251361427001
0,0,0.0007618864322785266
0,0,0.0007919193367711424
0,0,0.017087183394132295
0,0,0.021787762360615626
0,0,0.0008843264974848202
0,0,0.0013506455123292016
0,0,0.005625324716196301
0,0,0.0017737650197697365
0,0,0.06629268522588654
0,0,0.0003462764878495491
0,0,0.007585866821751982
0,0,0.2150574987963366
1,0,0.4766546658197582
0,0,0.0011803704079772904
0,0,0.001046837970329788
0,0,0.11228516015899069
0,0,0.09990280805845467
0,0,0.00050078575666835
0,0,0.019260191273245336
0,0,0.002434826396965616
0,0,0.019126623253870736
0,0,0.005750184137989598
0,0,0.02765961386870526
0,0,0.0020110128832275345
0,0,0.0005157670886056156
0,0,0.0006869452969853107
0,0,0.002007060344091913
0,0,0.06045403156677203
0,0,0.009245060817825997
0,0,0.0029590373916714395
0,0,0.0012260350808379879
0,0,0.025346074730573376
0,0,0.0004966320994991562
0,0,0.0022883334158348536
0,0,0.0005015040143787892
0,0,0.002925210911656574
0,0,0.0006807674415739739
0,0,0.002132723131179821
0,0,0.0014186213259520782
0,0,0.06525842542321422
0,0,0.04584312751098858
0,0,0.0004175139889651682
0,0,0.0013859380380232564
0,0,0.015200778704734236
0,0,0.006813104972975357
0,0,0.0008737201575040215
1,0,0.4152514160645582
0,0,0.0035263949962901814
0,0,0.012851126443639437
0,0,0.007852262317176407
0,0,0.3653520979581105
0,0,0.004288818531490756
0,0,0.00042651205750618226
0,0,0.005327020879253217
0,0,0.0034690031339667626
0,0,0.023056024726414565
0,0,0.0026978122471281118
0,0,0.004555580621293206
0,0,0.0009998031262064867
0,0,0.0014668182966509316
0,0,0.007936862485984521
0,0,0.00042609947337436763
0,0,0.053119599309410154
0,0,0.0064606009730994885
0,0,0.002071226723392601
0,0,0.001552736959548971
0,0,0.061246590455258966
1,1,0.5558855344897878
0,0,0.0009627646904216087
0,0,0.0021757239384966954
0,0,0.008587648751018756
0,0,0.003198441357909094
0,0,0.020850200173600817
0,0,0.025797714928731945
0,0,0.001280272051356546
0,0,0.0018998201733214362
0,0,0.06903609898039281
0,0,0.005940712183088472
0,0,0.0008887717967132651
0,0,0.0004992010535949591
0,0,0.001419229232675088
0,0,0.0005320303094236216
0,0,0.21017421561351496
0,0,0.0213379555127695
0,0,0.006519304024752299
0,0,0.04819974903482612
0,0,0.0009204870039592582
0,0,0.01938622363464607
0,0,0.005570065282070097
0,0,0.004764103929561443
0,0,0.13288296025950977
0,0,0.0016845067540728815
0,0,0.00040724082985169003
0,0,0.3055716676443014
0,0,0.0035681926317860393
0,0,0.006824784133872211
0,0,0.013927903156272329
0,0,0.08417197451045759
0,0,0.0634196829472524
0,0,0.0048219203092333416
1,0,0.4516936446378027
0,0,0.0010697400273747193
0,0,0.0018029692806672908
0,0,0.0014753907091137016
0,0,0.009846615709022467
0,0,0.05610261393323864
0,0,0.0008085297379937101
0,0,0.0007387541170473784
0,0,0.32500839244439655
0,0,0.0018735191090962949
0,0,0.0007000699522344197
0,0,0.0043946535431842945
0,0,0.14200954386010187
0,0,0.03914876869548439
0,0,0.06493357022642725
0,0,0.0006543199046689647
0,0,0.005697903493118309
0,0,0.021867315033885677
0,0,0.003970896488907617
0,0,0.0004976978834286196
0,0,0.003048467304492376
0,0,0.005504709861984627
0,0,0.05738251496058952
0,0,0.0024945353177205044
0,0,0.016348030384096324
0,0,0.0013522740394312982
0,0,0.01929913835585338
0,0,0.056116833998901945
1,0,0.4690910555069465
0,0,0.003243666103583993
0,0,0.008462320909554514
1,0,0.45643776016192317
0,0,0.21269250054610966
0,0,0.015436914960349954
0,0,0.0074571157892973465
0,0,0.01764342033990381
0,0,0.0007024107006035286
0,0,0.14214422155897102
0,0,0.002980711448863719
0,0,0.0050077549015012665
1,0,0.43387791264153447
0,0,0.009035334217027744
1,0,0.47028719714957534
0,0,0.02775419479452645
0,0,0.0013389631205341923
0,0,0.0006607044662763644
0,0,0.009652993224548892
0,0,0.0011170046652669299
1,0,0.3887814675434529
1,1,0.6623979038224727
0,0,0.0008260416192799457
0,0,0.006095075680445697
0,0,0.011138755920289543
0,0,0.05133934902446238
0,0,0.00791530109384216
0,0,0.14862385687835364
0,0,0.006409803027217276
0,0,0.0053729548793647755
0,0,0.0011605559522647694
0,0,0.0007354688459329379
0,0,0.00041623704802732985
0,0,0.0008077473560573337
0,0,0.003607891335627568
0,0,0.031310644289428535
0,0,0.0010127525927364925
0,0,0.36676362780959243
0,0,0.016472577809834216
0,0,0.026467736557326045
0,0,0.005062938960969581
1,0,0.47651729484898736
0,0,0.004521402016689074
0,0,0.0044879660224205285
0,0,0.002040912449356067
0,0,0.0040403340685350765
1,1,0.5665167132239637
0,0,0.05484281932546794
0,0,0.001193062408463072
0,0,0.0006221155526377329
0,0,0.0009464108745360146
0,0,0.004721519835961202
0,0,0.0006702262015162832
0,0,0.33275419288734154
0,0,0.32733013990611953
0,0,0.15229077760264614
0,0,0.38612055081434365
0,0,0.016842426604254265
0,0,0.20324254848809345
0,0,0.010515895740971181
0,0,0.0005869351668599467
0,0,0.0004926696858981543
0,0,0.10035702292805425
0,0,0.22398190309226623
0,0,0.01057997316514346
0,0,0.00796273144536858
0,0,0.0038199845900808637
0,0,0.0016339563151783988
0,0,0.025876288198379813
0,0,0.0005599655926570667
0,0,0.00360496998565175
0,0,0.05510540076132056
0,0,0.0010027253062424729
0,0,0.043869530669892756
0,0,0.003151858272929717
0,0,0.0009238279306852745
0,0,0.001256071224125364
0,0,0.0012421954630968597
0,0,0.059732850840885754
0,0,0.0019595394737651406
0,0,0.0007347383617465604
0,0,0.048018237122234166
0,0,0.0013909402848582759
0,0,0.0005892238878117948
1,0,0.4476184462742998
0,0,0.0004459734493365299
0,0,0.0022509566437263913
0,0,0.0014872133888385783
0,0,0.0006803738847564846
0,0,0.00129217060095365
0,0,0.00832517017887316
0,0,0.0010690781201517909
0,0,0.1421204720743691
0,0,0.0006667945007338694
0,0,0.0015305423786335886
0,0,0.1898523001778858
0,0,0.0025899007026717797
0,0,0.002136136918403682
0,0,0.00475784621873334
0,0,0.005798354501656245
0,0,0.009381877806404348
0,0,0.020623499838235946
0,0,0.008143640963924191
0,0,0.10602619702499176
0,0,0.19168275173769078
0,0,0.02074264656252856
0,0,0.0004081806144514798
0,0,0.07583832533768886
0,0,0.0006504100309427277
0,0,0.008038170184075885
0,0,0.10915942623073015
0,0,0.023506360252967748
0,0,0.018574146859348533
0,0,0.0005128904128624084
0,0,0.0008984420449503164
0,0,0.040215255243045964
0,0,0.004383012882921122
0,0,0.0050026177877718165
0,0,0.01888159094796515
0,0,0.008157149261566281
0,0,0.049861132937848905
0,0,0.0004360922858970536
0,0,0.000372433821610572
0,0,0.0042499688278542945
0,0,0.10481171662796794
0,0,0.01536411447109803
0,0,0.00041597497770957546
0,0,0.060423096583238675
0,0,0.03835672709270991
0,0,0.14957374087741007
0,0,0.0006688281172261483
0,0,0.027529312374875298
0,0,0.11388931114632993
0,0,0.0004901718530202613
0,0,0.026055722027922314
0,0,0.00641827745866189
0,0,0.0005667576046607214
1,0,0.3925575595010818
0,0,0.0197674333779598
0,0,0.002104434730283717
0,0,0.0016419143171622593
0,0,0.016014031643210486
0,0,0.22694679648756497
0,0,0.02613747936573195
0,0,0.008244569417832387
0,0,0.3113303320524129
0,0,0.007730131312122939
0,0,0.006559896472811612
0,0,0.001298428079895835
1,0,0.40296186108159804
0,0,0.00048781757482973116
0,0,0.024906937061680255
1,0,0.42484482709920335
0,0,0.31038884198199646
0,0,0.06661126108087606
0,0,0.00034779723002276527
0,0,0.0005084880176488177
0,0,0.01968132838464981
0,0,0.0005060679079550784
0,0,0.0006243999412588617
0,0,0.3121286969069313
0,0,0.0009342733751630557
0,0,0.004468633118902824
0,0,0.0005862458124724512
0,0,0.004217134970546668
0,0,0.008237947887301252
0,0,0.0160208382896267
0,0,0.001465041287839096
0,0,0.005054336723195641
0,0,0.005947935574602698
0,0,0.001486680242082652
0,0,0.07377183161032794
0,0,0.021215818988592348
0,0,0.004519183303834412
0,0,0.013747860061211772
0,0,0.00767854788730124
0,0,0.0006778443295047519
0,0,0.015332867768470829
0,0,0.004361426567920066
0,0,0.009999788994797417
0,0,0.006226730212520831
0,0,0.008889654640020844
0,0,0.0010734583113828123
0,0,0.004335824494959061
0,0,0.004511716239352309
0,0,0.005621789601706337
0,0,0.00045742449910321167
0,0,0.0008953670265568238
0,0,0.0013506539608166659
0,0,0.007216926806613062
0,0,0.04516960138821907
0,0,0.1392553761068644
0,0,0.0014403479067580636
0,0,0.003193740346267531
0,0,0.0005005481470123675
0,0,0.00033726113969001606
0,0,0.15497570857542875
0,0,0.00043780466458048605
0,0,0.004516906461950959
0,0,0.0008095965451786696
0,0,0.04615938252493492
0,0,0.11207286608205105
0,0,0.002460002367228563
0,0,0.005753759510877128
0,0,0.24636784919356114
0,0,0.001393817417309716
0,0,0.00033318121364050236
0,0,0.0020685479518698833
0,0,0.0007448899244666498
0,0,0.001758014461380358
0,0,0.007563757849027202
0,0,0.0029557711894286232
0,0,0.0003398471662993174
0,0,0.004553405711197114
0,0,0.016952678263884607
0,0,0.024076266289450754
0,0,0.0008851316440298753
0,0,0.00045169752768140403
0,0,0.08248188820130417
0,0,0.07876000444028193
0,0,0.06274817415402048
0,0,0.02048517156597476
0,0,0.0004013917563568915
0,0,0.006340479374595394
0,0,0.022440365759110435
0,0,0.008341209401266357
0,0,0.004970622688580158
0,0,0.0011009757693636497
0,0,0.02599685919040834
0,0,0.07476734487841274
0,0,0.011349943340915861
0,0,0.051068202029935034
0,0,0.002092891962608161
0,0,0.02086181740482155
0,0,0.0007035411092902788
1,0,0.39139471789583413
0,0,0.00038695330702401227
0,0,0.01758288317028173
0,0,0.0005545080332413116
0,0,0.020485809641351424
0,0,0.0006091974907791183
0,0,0.2615644309558905
0,0,0.10825717724453564
0,0,0.04545155375454676
0,0,0.027366658947693797
0,0,0.01306569310017442
0,0,0.21759495509058632
0,0,0.0009714451615543204
0,0,0.0009717488926065082
0,0,0.000438379620221735
0,0,0.1117972077457288
0,0,0.0007349794856778602
0,0,0.0004559101798634508
0,0,0.00042544485332646746
0,0,0.0013305419515987102
0,0,0.001028297203376091
0,0,0.0061855723463819165
0,0,0.0004946770960223907
0,0,0.00402999153623399
0,0,0.05984492480912025
0,0,0.002151352789137345
0,0,0.001215436851587654
0,0,0.0008366277388747585
0,0,0.009805587733369167
0,0,0.05415633837885509
1,0,0.43976039323743477
0,0,0.20953124219488298
0,0,0.008064260245343305
0,0,0.0005917416878555049
0,0,0.0038510069414411864
0,0,0.0011589470986124353
0,0,0.001975315479776262
0,0,0.0039364955667996904
0,0,0.016826014577225313
0,0,0.0009129472265551329
0,0,0.013906894874011866
0,0,0.112667361967084
0,0,0.3600169884219171
0,0,0.04508006250465898
0,0,0.026514726156326624
0,0,0.0018980500493672844
0,0,0.0013370731783356462
0,0,0.014837263370887227
0,0,0.008582363389843407
0,0,0.0020725410000355586
0,0,0.0026202262772429107
0,0,0.06310340361048965
0,0,0.000789754781743546
0,0,0.0003785321972658425
0,0,0.000549839462615282
0,0,0.08966678705713345
1,0,0.43708399237837225
0,0,0.0009995587219044266
0,0,0.021563091606648817
0,0,0.014085906607270987
0,0,0.0610903703719257
0,0,0.0019050107830898672
0,0,0.0012466077409497062
0,0,0.00462398220695564
0,0,0.3246858488535325
0,0,0.020854633514310935
0,0,0.00042764303455801976
0,0,0.20586895914392667
0,0,0.00840392023372077
0,0,0.0758949773930827
0,0,0.0010421196460312248
0,0,0.01791082622204284
0,0,0.0005721844995182226
0,0,0.0024402985101526758
0,0,0.004214486997530535
0,0,0.0011880965849526213
0,0,0.0027777039296904144
0,0,0.20204756843732902
0,0,0.0007830975773952053
0,0,0.04686405912766758
0,0,0.0019803587499748845
0,0,0.022401548852969137
0,0,0.005035243660788448
0,0,0.2744380829743844
0,0,0.0010276443934685488
0,0,0.004610473790790454
0,0,0.004150646321810998
0,0,0.009605782287420895
0,0,0.22275324626947218
1,0,0.39961687725736855
0,0,0.005132862504883259
0,0,0.0013094096973140293
0,0,0.000984619670821541
0,0,0.0006304931736717809
0,0,0.000684430741460737
0,0,0.004627786566100082
0,0,0.0038564097180574532
0,0,0.0016784247883441918
0,0,0.01271288477335701
0,0,0.0011065244177007722
0,0,0.00400270439895998
0,0,0.0011710601667705718
0,0,0.0007438709042791616
0,0,0.0040236741182715745
0,0,0.0006882113899516248
0,0,0.2622866299202529
0,0,0.000921787343751811
0,0,0.005854735852593763
0,0,0.0014225070841881087
0,0,0.002571903169690848
0,0,0.001083828164596196
0,0,0.008097553798461499
1,1,0.5536357928126758
1,1,0.5843624895994997
0,0,0.24175605019214122
0,0,0.012623880626107717
0,0,0.029533436484703954
0,0,0.0034246130136132906
1,0,0.38813937735600984
0,0,0.001715522890812987
0,0,0.02391012941232386
0,0,0.048472407726555505
0,0,0.0008798133304060547
0,0,0.004417186303451875
0,0,0.0357040275688604
0,0,0.051491329240546904
0,0,0.005002964259463923
0,0,0.030618325057732747
0,0,0.0012322936531469456
0,0,0.0013532022022765754
0,0,0.006097095120933176
0,0,0.000943574898943085
0,0,0.004311029786983608
0,0,0.00043722163131686885
0,0,0.3700475129933435
0,0,0.005570464157959001
0,0,0.0008974746083251229
0,0,0.002722888216132643
0,0,0.003237920353822421
0,0,0.0023879118927579456
0,0,0.0006042454583902081
1,1,0.6143811624497223
0,0,0.01792402987763671
0,0,0.0005811227134735797
0,0,0.0015212022959691985
0,0,0.0067244554859965736
0,0,0.000851491210461273
0,0,0.0009802284427540967
1,1,0.5247031528488612
0,0,0.004228357737229564
0,0,0.00354176848331355
0,0,0.008989475402527593
0,0,0.0007628749264700623
0,0,0.06232651240826625
0,0,0.022170776138630197
0,0,0.041081610928849224
0,0,0.0008773606327596656
0,0,0.004716359890810046
0,0,0.0009048042044118623
0,0,0.1127009618465538
0,0,0.01707209740129154
0,0,0.000743425558000788
0,0,0.0007264292589622964
0,0,0.0005708697061546055
0,0,0.024222329012340237
0,0,0.00785409822968932
0,0,0.31326560951445515
0,0,0.0010931425728170976
0,0,0.002467493275475398
0,0,0.0046561865007045036
0,0,0.0021955426312784345
0,0,0.0005919756185863571
0,0,0.0015872609241408154
0,0,0.19293287540663137
0,0,0.0006451671693827038
0,0,0.006488775050591952
0,0,0.006247911296092566
0,0,0.0031395855506942097
0,0,0.002730488051912319
0,0,0.0014745620790818435
0,0,0.0017653551148370382
0,0,0.06453134221232604
0,0,0.0040163787054235105
0,0,0.0007797738007657599
0,0,0.015787687427797084
0,0,0.02365253623218355
0,0,0.011796640606341762
0,0,0.00048338422758874375
0,0,0.001130931840596441
0,0,0.0019720404553742136
0,0,0.01882581701954833
0,0,0.06435541828533013
0,0,0.008298619510058034
0,0,0.01186979040690899
0,0,0.001408630208590797
0,0,0.0009454146146829066
0,0,0.025486679417711624
0,0,0.040402593033172125
0,0,0.008094734886570693
0,0,0.00037446514292333136
0,0,0.009285705149806325
0,0,0.0038938586610589463
1,0,0.43480923312147485
0,0,0.005102309970776345
0,0,0.000781022586011803
0,0,0.00035652216564287687
0,0,0.01538758104003385
0,0,0.0007489631758448994
0,0,0.011133341896551217
0,0,0.009481194825521575
1,1,0.534321273145603
0,0,0.0003997772897578946
0,0,0.005369530729859698
0,0,0.025504480254643344
0,0,0.0015395372270042404
0,0,0.08327086569159974
0,0,0.056093004627632385
0,0,0.0005409743906606768
0,0,0.0007828803583695585
1,1,0.546009996254194
0,0,0.0007411106288407558
0,0,0.07397656148014092
0,0,0.020181752643905867
0,0,0.36047471335818176
0,0,0.0006849879480197399
0,0,0.0015110700099363065
0,0,0.016400190938071935
0,0,0.004399585624887664
0,0,0.06761125604619773
0,0,0.001222325497174551
0,0,0.023240477055654497
0,0,0.006228305584120724
0,0,0.09679431878752442
0,0,0.018904872435590955
0,0,0.0009131274481380984
0,0,0.004520907976344979
0,0,0.0009430561982694096
0,0,0.0010388178740367543
0,0,0.13855610012086936
0,0,0.0008825096690772623
0,0,0.005313820073760906
0,0,0.006003800631261651
0,0,0.0013917141134230449
0,0,0.01877480990399594
0,0,0.010104583389710447
0,0,0.001440870025298851
0,0,0.08115348698859969
0,0,0.003102052137092011
0,0,0.006623716201281625
0,0,0.0013807888974379586
0,0,0.19739101610648116
0,0,0.005383601271898102
0,0,0.0005250781092678704
0,0,0.05421036469768857
0,0,0.0004554999022991392
0,0,0.003024074790652707
0,0,0.00089669111431592
0,0,0.0011085761804430659
0,0,0.007609544378922296
0,0,0.1902515600831033
0,0,0.0016692794127185736
0,0,0.0010187255619844566
0,0,0.007099675553140393
0,0,0.024290073014284975
0,0,0.03035300586279142
0,0,0.024125625976857825
0,0,0.0044915684236953995
0,0,0.0012137681366445946
0,0,0.0006114302270831782
0,0,0.021087031598512728
0,0,0.0012852003334035168
0,0,0.0005873104247129174
0,0,0.1471755554416361
0,0,0.016802494293893376
1,1,0.5487944941131212
0,0,0.1540921426031573
0,0,0.003851852025865085
0,0,0.0022692120190271636
0,0,0.05743994051575872
0,0,0.002435132118713768
0,0,0.00938793102573334
0,0,0.034016852326688427
0,0,0.0009447166763911055
0,0,0.06262250802427573
1,1,0.591237898965579
1,0,0.42178236711268374
0,0,0.0007402669625458102
0,0,0.0008645610204513087
0,0,0.001447330963124729
0,0,0.01400472465257707
0,0,0.007632696841678124
0,0,0.0016431550587162006
0,0,0.001008396198049104
0,0,0.00725154582016469
0,0,0.008069808952362619
0,0,0.37901271867404707
0,0,0.009595864545516182
0,0,0.00040358348256123376
0,0,0.056300619386294284
0,0,0.010007556023929316
0,0,0.0012161900981133005
0,0,0.009701007741433903
0,0,0.0041423600194859
0,0,0.1514137499013844
1,0,0.39524672818721107
0,0,0.0017047708338689745
0,0,0.0017478668990505088
0,0,0.0009709148974089921
0,0,0.0004480266045232362
0,0,0.0006425993064754486
0,0,0.12142637005578574
0,0,0.0017454867117620834
0,0,0.017355386714467416
0,0,0.021890983331212206
0,0,0.025984732427613674
0,0,0.0007876863789179656
0,0,0.0034698372351222298
0,0,0.02511141416644864
0,0,0.050293123795206666
0,0,0.1527109210306067
0,0,0.0012161064399450244
0,0,0.007841569227619579
0,0,0.0009655591417744236
0,0,0.013226608604988994
0,0,0.0627485048017968
0,0,0.017825705941780335
0,0,0.0003553548015457985
0,0,0.06477814808192144
0,0,0.000574029408651029
0,0,0.0018567515926451955
0,0,0.005756158155367372
0,0,0.0007184582618261155
0,0,0.0033989888801053193
0,0,0.003674571956116824
0,0,0.0010166328947573602
0,0,0.0006403996279775264
0,0,0.06563126254148297
0,0,0.056637073095389345
0,0,0.002164193424368773
0,0,0.3870174446500182
0,0,0.01979836542567828
0,0,0.00810730790375094
0,0,0.08260650021227173
0,0,0.003449054426261144
0,0,0.0010063981527233233
0,0,0.002150384721317983
0,0,0.0014691077651477218
0,0,0.0003843532456580108
0,0,0.02868044884720368
0,0,0.11436910520045393
0,0,0.1828517892371061
0,0,0.0013665895964304854
0,0,0.0008934232638720523
0,0,0.001174974178519433
0,0,0.00817789749893977
0,0,0.0019402544064613023
0,0,0.0006217977986307206
0,0,0.0009614364846605369
0,0,0.001999663340197876
0,0,0.0013572885475656782
0,0,0.019472524809070548
0,0,0.0010047718452608058
0,0,0.0011271399279504874
0,0,0.0012293093536967685
0,0,0.0012478351021402438
0,0,0.03692381850311243
0,0,0.02074584310375248
0,0,0.0009764609828281125
0,0,0.0014572033749610785
0,0,0.008311896009683881
0,0,0.004194840015186684
0,0,0.05960105278842859
0,0,0.06189549091019227
0,0,0.000588679090795898
0,0,0.001449202455303836
0,0,0.059125883324638105
0,0,0.001147633187254964
0,0,0.03188331687623591
0,0,0.0007823567252014531
0,0,0.018319344796968465
0,0,0.0006566078043872438
0,0,0.004089131062250769
0,0,0.015688574115346972
0,0,0.004114446860121646
0,0,0.0019970175736736756
0,0,0.0053683563196911185
0,0,0.0032561774916214513
0,0,0.00383833188820633
0,0,0.0008336502265574534
0,0,0.0018898538947423613
0,0,0.004305252405961161
0,0,0.0019233970132510065
0,0,0.0017488377529209227
0,0,0.0011984533100140966
0,0,0.0005268817057199253
0,0,0.0032344790207152092
0,0,0.0019951591094863183
0,0,0.000493641406138624
0,0,0.0007523964607977366
0,0,0.018634560139819657
0,0,0.04837663747602729
1,0,0.484158703772816
0,0,0.005367376183361711
0,0,0.0008110182554445198
0,0,0.0017568029536772923
0,0,0.005194740432355516
0,0,0.0006119723126884892
0,0,0.07894825413826835
0,0,0.0014819958596284776
0,0,0.028272198835773036
0,0,0.0570800183475918
0,0,0.0012233072855104348
1,1,0.5652957911139702
0,0,0.0033613574945086113
1,1,0.6413320747983705
0,0,0.0003732063106009018
0,0,0.07082731931894855
0,0,0.0005927866561547992
0,0,0.0063071372442023415
0,0,0.02187294034920881
0,0,0.29885357808868207
0,0,0.01951737175932087
0,0,0.0010857897140846445
0,0,0.0016956159507950572
0,0,0.067773292115686
0,0,0.000643341421255762
0,0,0.05424574552737952
0,0,0.0009523409234084734
0,0,0.001393486500280789
0,0,0.0010407493553130924
0,0,0.0003740990989337239
0,0,0.0010898186646237642
0,0,0.2511173962833075
0,0,0.0016807465124290227
0,0,0.0014115591779266386
0,0,0.0009835626114173992
0,0,0.00729911913092684
0,0,0.0017955432605851265
0,0,0.18546278701982266
0,0,0.2597597997583663
0,0,0.04771697990570425
0,0,0.00136543961064028
0,0,0.0003719134807208864
0,0,0.00099480931258298
0,0,0.04470094024228178
0,0,0.0006363111343332193
0,0,0.006021421164493414
0,0,0.005293832898093748
0,0,0.02884055126767954
0,0,0.020264676083854915
0,0,0.0027517599350945924
0,0,0.00039207633306190774
0,0,0.223722982639852
0,0,0.18852764157319266
0,0,0.30961579145321316
0,0,0.006458610625995133
0,0,0.0011574286222555035
0,0,0.05112312957347856
0,0,0.0022765195530030377
0,0,0.07935576289180461
0,0,0.0060062406480453434
0,0,0.006371291131298548
0,0,0.00039978260571085506
0,0,0.05983005397161055
0,0,0.008158657226494549
0,0,0.007350069848625506
0,0,0.004784454191196684
0,0,0.00890343876944172
0,0,0.0013179784902789776
0,0,0.011620490814103641
0,0,0.09120320358595306
0,0,0.0004347802751267742
0,0,0.0018778152574844091
0,0,0.005977472288401445
0,0,0.0005899909238096119
0,0,0.051380014237448236
0,0,0.015558652853133952
0,0,0.008181863220327292
0,0,0.04087843992352791
0,0,0.013618682801515718
0,0,0.004041327615024021
0,0,0.0006678722381460016
0,0,0.09511085287510647
0,0,0.007789537575130766
0,0,0.0009746034448213317
0,0,0.00038924452179760324
0,0,0.0032222204022932565
0,0,0.014665933432177276
0,0,0.010017985183336641
0,0,0.0015250762250732467
0,0,0.0014233516363035242
0,0,0.053373370581026425
0,0,0.001456414461847616
0,0,0.0060239078317846275
0,0,0.005585206040430352
0,0,0.000982291223069314
0,0,0.0017248483979401769
0,0,0.0023746563129294677
0,0,0.01006376621487613
0,0,0.0033011975951942017
0,0,0.017109901597951022
0,0,0.001057172203370291
1,0,0.48619768147299736
0,0,0.0007541814392874178
0,0,0.0008115593579101731
0,0,0.005317493710921513
0,0,0.02340704339122469
0,0,0.0054270884420338505
0,0,0.01404267753935421
0,0,0.005650625569370369
0,0,0.18172038518970365
0,0,0.0008428051338654905
0,0,0.0009408489370653272
0,0,0.07289263757253284
0,0,0.004500501459382009
0,0,0.0005265794562233582
0,0,0.03404748406208885
1,1,0.5341639691225727
0,0,0.005337695709742138
0,0,0.0027392090705754355
0,0,0.23764693468237608
0,0,0.004289517318291139
0,0,0.019836353745741945
0,0,0.0010717229217315505
0,0,0.00254681033825454
0,0,0.020287632633637427
0,0,0.000463663155739391
0,0,0.004117978575398859
0,0,0.00037776666158024943
1,0,0.45098016586050677
0,0,0.0030320306505087877
0,0,0.0013475697529387706
0,0,0.1288888413965793
0,0,0.00046081743912632604
0,0,0.002969852609544875
0,0,0.024176957212101734
0,0,0.004122078732074655
1,0,0.45859909344302635
0,0,0.14241406965981337
0,0,0.005613041468490149
0,0,0.001039458882027599
0,0,0.005744613566708592
0,0,0.017131807660016103
0,0,0.002294984114630382
0,0,0.015986683107799396
0,0,0.001621809499613602
0,0,0.0007841042575105644
0,0,0.00045171141848611993
0,0,0.0005833885278184089
0,0,0.0007994638935028467
0,0,0.006559791608864378
0,0,0.0012861368669858757
0,0,0.010044802379874661
0,0,0.01615587268393463
0,0,0.0005262595288471721
0,0,0.004815483178689938
0,0,0.0004746934007105257
0,0,0.0009537122218070724
0,0,0.00799743412065686
0,0,0.0014052665541958286
0,0,0.000796154404681166
0,0,0.0006702076903056964
0,0,0.02081138088557336
0,0,0.02698801908516098
0,0,0.007440036127001869
0,0,0.0021168858725154737
0,0,0.009746127247467156
0,0,0.00683109856967738
0,0,0.001143166748501158
0,0,0.004062630469155745
0,0,0.021637630263170275
0,0,0.05372245270438669
0,0,0.0043670526769160585
0,0,0.00202028751330642
0,0,0.06201172445668446
0,0,0.00037341728962528303
0,0,0.04933035307341258
0,0,0.0013898289693795192
0,0,0.001572580744631427
0,0,0.0016070699929274903
0,0,0.018826430572054523
0,0,0.0005635108673161733
0,0,0.0008264457302032025
1,1,0.5684041377364442
0,0,0.0007590257037000034
0,0,0.0016659141894827876
0,0,0.3708509118946925
0,0,0.0011694677931707816
0,0,0.004308386254193529
0,0,0.21235579538537824
0,0,0.0471386270743747
0,0,0.0014845696393743669
0,0,0.0006170225615235309
0,0,0.10883479150356487
0,0,0.035384026206675474
0,0,0.015830361817556947
0,0,0.009898112534241681
0,0,0.0021446070546171513
0,0,0.06257749136971347
0,0,0.004364435532543889
1,0,0.4320180468598087
0,0,0.3541308461109719
0,0,0.0006551861280858529
0,0,0.0009485450371531635
0,0,0.0005569172947752789
0,0,0.000924668687799161
0,0,0.0015979613337665534
0,0,0.0024106144489321074
0,0,0.0009944997440697676
0,0,0.008872326817895343
0,0,0.02494506894071217
0,0,0.0008827683609616559
0,0,0.17577695820352232
0,0,0.000975339745306357
0,0,0.0014686488075138161
0,0,0.02320339101146138
0,0,0.008884883728127577
0,0,0.007152724655739366
0,0,0.0008910490541609386
0,0,0.00769994214658064
0,0,0.1415091780845273
0,0,0.009024177092596845
0,0,0.0004300093192390637
0,0,0.07999811776853633
0,0,0.001309218581914137
0,0,0.017476878161733076
0,0,0.017251896826071148
0,0,0.0013454421632816856
0,0,0.004921660014256255
0,0,0.0009833132367752756
0,0,0.016727755499484843
0,0,0.0005173040134801485
0,0,0.004519268442442113
0,0,0.0007915544618339383
0,0,0.0007035646687583095
0,0,0.0009477431698055803
0,0,0.0056804144366640365
0,0,0.0020134896622990926
0,0,0.0009612480981283585
0,0,0.0009589875687193669
0,0,0.0018920733173440477
0,0,0.08323499956157059
0,0,0.01703609119081688
0,0,0.0013561984469175382
0,0,0.01496872108581873
0,0,0.004491964087739092
0,0,0.07279829682375316
0,0,0.07212855653466836
0,0,0.0009610137682816119
0,0,0.0003447776699235819
0,0,0.008319522782374767
0,0,0.003537198175460489
0,0,0.0020460715137710487
0,0,0.010461052168019219
0,0,0.001384885373033821
0,0,0.018544448458820893
0,0,0.07028795389800567
0,0,0.00819342203999591
0,0,0.0008412366253221345
0,0,0.0003824349762628822
0,0,0.005487301170530378
0,0,0.001863909123483025
0,0,0.040787602347302845
0,0,0.020437783808488926
0,0,0.02028249103082287
0,0,0.0008159749390623015
0,0,0.00041083465477117115
0,0,0.00041289200316528134
0,0,0.001122704934769556
0,0,0.004404208786042495
0,0,0.0009133813986959678
0,0,0.001005465956743945
0,0,0.0007241945410543985
0,0,0.002959894747076496
0,0,0.0011072810073996802
0,0,0.0005413456309378795
0,0,0.00035561847712889546
0,0,0.007955900906735067
0,0,0.008944067112604374
0,0,0.0020530881435487434
0,0,0.0010148581918228256
0,0,0.003777805985310949
0,0,0.0004253715531061581
0,0,0.002958487606046444
0,0,0.0018871352278234425
0,0,0.004842455752510685
0,0,0.0008716329970713318
0,0,0.0444177590373072
0,0,0.0005731266362616382
0,0,0.006970716822606661
1,0,0.44640777390444203
0,0,0.0015585100251601812
0,0,0.0009267897864057059
1,0,0.41386749103743087
0,0,0.003080860983587108
1,0,0.44182469537038005
0,0,0.0008167467636030001
0,0,0.015496106464763983
0,0,0.261240052953085
0,0,0.0007803859451906681
0,0,0.019244108679301677
0,0,0.0017799010323139887
0,0,0.0032075731859428276
0,0,0.0005311313625577131
0,0,0.018027906228749422
0,0,0.01544327857327483
0,0,0.016560277562451323
0,0,0.0008045354772244845
0,0,0.000752975571891472
0,0,0.0030299945204431173
0,0,0.07513148916981084
0,0,0.003519785953331997
0,0,0.001529412160307483
0,0,0.016420553364270823
0,0,0.374204144202553
0,0,0.0058087384863966815
0,0,0.0008242574555994125
0,0,0.002746964483968565
0,0,0.0011099290531761574
0,0,0.0012090707880570042
0,0,0.0012803042583708535
0,0,0.000672346881838093
0,0,0.004016697640903912
0,0,0.00041838476803174345
0,0,0.004477520744974125
0,0,0.17120389506831502
0,0,0.00044861497830451976
0,0,0.008485076968264369
0,0,0.0009718487155689662
0,0,0.0008140472490260553
0,0,0.0037682550519959426
0,0,0.0009363209818686525
0,0,0.004077731348476575
0,0,0.00872224454906235
0,0,0.0013185073312319616
0,0,0.26522720798998184
0,0,0.0011678237763708876
0,0,0.018035563736515065
0,0,0.00463624995763008
1,1,0.6304554369608866
0,0,0.007204411097320513
0,0,0.0017622307768552876
0,0,0.019276194570819496
0,0,0.006436328255892626
0,0,0.0006259796732274624
0,0,0.007344482354988588
0,0,0.0008819672151601448
0,0,0.00886684933609026
0,0,0.010070543676760064
0,0,0.00034886562865602206
0,0,0.38314341538344404
0,0,0.0035140633938795162
0,0,0.0009296052490058455
0,0,0.041170837443373805
0,0,0.0005765647571686104
0,0,0.0004936579622044408
0,0,0.003447761421710798
1,0,0.4121062831116131
0,0,0.00041842951072666414
0,0,0.010602752813686117
0,0,0.00882581933411343
0,0,0.003336733052818182
0,0,0.01189272451070086
0,0,0.008407085220138302
0,0,0.004935921145087781
0,0,0.0009602144563894341
0,0,0.0007505950074220987
0,0,0.018967218130735087
0,0,0.008686194436198605
0,0,0.0008286519964400096
0,0,0.2053960980694079
0,0,0.001097211051993736
0,0,0.0017133894588636609
0,0,0.00033692650815942435
0,0,0.008305450920950183
0,0,0.001681118525331274
0,0,0.0003385625117292821
0,0,0.006314276373165634
0,0,0.0012822680321083204
0,0,0.024988334239542043
0,0,0.010368226787376929
0,0,0.0015886390225280835
0,0,0.0008263952009282644
0,0,0.0007767411735222459
0,0,0.0046711188791658115
0,0,0.06562103438777658
0,0,0.0010935672818901275
0,0,0.15123309992164416
0,0,0.07190093975259192
0,0,0.0009888931485542822
0,0,0.03361917979560894
0,0,0.004960198595016721
0,0,0.008878946139755643
0,0,0.002435726790892709
0,0,0.0010001367238504403
0,0,0.00116012962303461
0,0,0.006073873802332373
0,0,0.0009822665054232873
0,0,0.00046598069451405587
0,0,0.0014055933362191356
1,1,0.515126875663579
0,0,0.010084335761067643
0,0,0.004465080120510821
0,0,0.0560477011625909
0,0,0.0016777447116698195
0,0,0.21636055350790792
0,0,0.02763478955020005
0,0,0.027202311812321137
0,0,0.006300432743881512
0,0,0.001901948388184873
0,0,0.05390806178765074
0,0,0.3691696894816282
0,0,0.0006094223475694642
0,0,0.0014973689183615838
0,0,0.02127778452800808
0,0,0.0005731907455388269
0,0,0.002580730099104654
0,0,0.004693376316484029
0,0,0.0004382945991570492
0,0,0.008663011680494534
0,0,0.0010745100802378707
0,0,0.05266446925790209
0,0,0.010107672155800999
0,0,0.0014110984618916577
0,0,0.004342256780933787
0,0,0.0005717048023217762
0,0,0.005370692352952482
0,0,0.0010075029643834296
0,0,0.0006210766318950069
0,0,0.0021320333764829067
0,0,0.08688245257650133
0,0,0.006275752730411204
0,0,0.0015636994899589944
0,0,0.0004743754766792658
0,0,0.0006992723057172516
0,0,0.06238091012852721
0,0,0.0007516993953627502
0,0,0.06394670588712209
0,0,0.004972987377283388
1,0,0.46835416721275347
0,0,0.05319694659160963
0,0,0.06190684141930329
0,0,0.007556480723943443
0,0,0.014285474909609339
0,0,0.045800016088652834
0,0,0.11510687372462876
0,0,0.28128732231521786
0,0,0.005012014666182542
0,0,0.0005753891073884758
0,0,0.0032451168235299987
0,0,0.0010090409871272696
0,0,0.004292985148027185
0,0,0.0022731404067080343
0,0,0.0007664488001523546
0,0,0.0018277694300078801
0,0,0.0025421771271946043
0,0,0.0018139046233241597
0,0,0.000970781253088151
0,0,0.0009573341231684876
0,0,0.003249929491952206
0,0,0.0008455355057116566
0,0,0.0010407925877613086
0,0,0.001551834640188166
0,0,0.002095420125378812
0,0,0.02396224888087855
0,0,0.007457840309831423
0,0,0.006611492403193134
0,0,0.004634007822833345
0,0,0.006196813250557344
0,0,0.08668232709664644
0,0,0.0003456540566305242
0,0,0.009736969244313512
0,0,0.0007451124252271453
0,0,0.0009291873915622822
0,0,0.0010012797817763631
0,0,0.022493499848923414
1,0,0.43584615606452803
0,0,0.005355083296753915
0,0,0.3167469122287104
0,0,0.003016555025187369
0,0,0.3621484365367948
1,1,0.6644908257077283
0,0,0.008952885871513478
0,0,0.0018225026128481999
0,0,0.0004178351473886369
0,0,0.0004410217767291114
0,0,0.005636319479256935
0,0,0.000954135738334086
1,0,0.4571368808685049
0,0,0.010915813294374702
0,0,0.009096099613089733
0,0,0.0238628360350815
0,0,0.0009772577565275488
0,0,0.018247089022522384
0,0,0.0030475375664107997
0,0,0.0008850197397993219
0,0,0.003895590881622745
0,0,0.07059486623809097
0,0,0.0003818335406135923
0,0,0.05444286821181814
0,0,0.005921809319610397
0,0,0.0020266443897938775
0,0,0.003846005437916529
0,0,0.00573109682330084
0,0,0.001260689784994659
0,0,0.0037320639636897837
1,0,0.4154952816240321
0,0,0.0005602026323628697
0,0,0.0009029446838760284
0,0,0.004982213255872283
0,0,0.01944634459940104
0,0,0.008939846668290055
0,0,0.025465602916817282
0,0,0.0013654876987199435
0,0,0.000499101437811653
0,0,0.0011772460582787244
0,0,0.010084862677640433
0,0,0.0006731047367080641
0,0,0.000743216754566145
0,0,0.10430654580969889
0,0,0.0020589695131265438
0,0,0.005511482479149009
0,0,0.0008042257931964839
0,0,0.0009891453368484492
0,0,0.0010684841780555976
0,0,0.0018159652418477858
0,0,0.0006407053966519429
0,0,0.02170998453997091
0,0,0.05125853542387604
0,0,0.020211408352623885
0,0,0.024928932605647353
0,0,0.0018346304563914932
0,0,0.2125155604556781
0,0,0.0028816592167678337
0,0,0.20436351651232956
1,0,0.4557183330593657
0,0,0.013518662424982451
0,0,0.08030081285443262
0,0,0.0007584093562946469
0,0,0.005133215992080397
0,0,0.023902198746658006
0,0,0.0005444771082996292
0,0,0.0018565351240361688
0,0,0.0009450580058015075
0,0,0.016536918029632454
0,0,0.21271299530874896
0,0,0.0010449875652199874
1,0,0.4465751554267811
0,0,0.003863020999836743
0,0,0.0009053802920676695
0,0,0.005198458655166513
0,0,0.0008111078119931661
0,0,0.0006695242103895196
0,0,0.010301043983742259
0,0,0.006618854406791613
0,0,0.0007521278573893031
0,0,0.005579309384969469
0,0,0.10756847879412182
0,0,0.0009644911805175522
0,0,0.022586884272138456
0,0,0.006231688979545315
0,0,0.03888282168058151
0,0,0.06191656886165241
0,0,0.00466825855435003
0,0,0.006824860351310379
0,0,0.0008918659369524143
0,0,0.014548651337624563
0,0,0.005752427405097627
0,0,0.008272505935033926
0,0,0.0004988369192677133
0,0,0.0034588149906797415
0,0,0.35787890663541805
1,0,0.45412385810140843
0,0,0.004430312789867916
0,0,0.008875792741927544
0,0,0.11090054797225947
0,0,0.03489603633089232
0,0,0.02669728383144889
0,0,0.05873414726134614
0,0,0.0020515355068999614
0,0,0.02479015953670173
0,0,0.0004779515487791272
1,0,0.42998012990836393
0,0,0.0017320296542456693
0,0,0.001278384087116448
0,0,0.1703872625469157
0,0,0.000738302017774341
0,0,0.0005842433830210965
0,0,0.005247422121810842
0,0,0.02549388843897759
0,0,0.00122317317550857
0,0,0.000469482035238258
0,0,0.0009952545602507782
0,0,0.001527420231579438
0,0,0.0005685550832685298
0,0,0.0007404922435468283
0,0,0.005594708348330489
0,0,0.03260902451362768
0,0,0.002036938863459026
0,0,0.0010316177973442922
0,0,0.010093523449197717
0,0,0.004426315642255492
0,0,0.016737057881230536
0,0,0.05429375229067192
0,0,0.0005913350968960245
0,0,0.0022762908023206286
0,0,0.0012376476561647334
0,0,0.0024233845367244012
0,0,0.004003982888630844
0,0,0.009907050190290988
0,0,0.015301752771078253
0,0,0.03101386925672923
0,0,0.00045207734969311903
0,0,0.0018560906581397355
0,0,0.0009378703770812362
0,0,0.0008410273788607543
0,0,0.0006030700888903788
0,0,0.0023358109804131762
0,0,0.001762639214064066
0,0,0.0016668594517960421
0,0,0.05402639928892179
0,0,0.020813603930248583
0,0,0.0003927667726260916
1,1,0.5718566700308347
0,0,0.005858764738710082
0,0,0.0013192806645228436
0,0,0.0018755294635813117
0,0,0.0008475377355168312
0,0,0.0023217293167271135
0,0,0.1487428646889693
0,0,0.00041575535230144276
0,0,0.0057288657341874214
0,0,0.050473951327786856
0,0,0.0030171092439366656
0,0,0.0012801848679496871
0,0,0.02572605234550957
0,0,0.0004657970317706
0,0,0.010936081668721322
0,0,0.0010122966414051508
0,0,0.005148163897433097
0,0,0.003995401081284561
0,0,0.000883706656314156
0,0,0.26252755973557207
0,0,0.0005121922121070255
0,0,0.0008423421042621337
0,0,0.002234221658617135
0,0,0.07822121263986885
0,0,0.0012441943330305286
0,0,0.001552989056611307
0,0,0.35701863363638947
0,0,0.005804013282000865
0,0,0.004465843385022141
0,0,0.07572060539236666
0,0,0.02407216690344838
1,0,0.4797203769520968
1,0,0.42106279926402274
0,0,0.01577303014310635
0,0,0.003012606801139337
0,0,0.0009013080949468196
0,0,0.009592143435365956
0,0,0.00043561090290452536
0,0,0.0010265950097704177
0,0,0.004085838757683374
0,0,0.001634237045171165
0,0,0.0019257477116887264
0,0,0.0011421782200835386
0,0,0.0008748631145334174
0,0,0.0009026040801116107
0,0,0.059969261163407665
0,0,0.001074522101637991
0,0,0.0004105903372590607
0,0,0.002233329312482058
0,0,0.15346014436555425
0,0,0.0014566621144033714
1,0,0.43105985615591325
0,0,0.030351874346847624
0,0,0.000994144070778375
0,0,0.001606938148420484
0,0,0.002188215043293327
0,0,0.029288336970387636
0,0,0.004689007550066666
0,0,0.04920537156829897
0,0,0.0005349030234799559
0,0,0.022010054222058272
0,0,0.0008956407736127666
0,0,0.05086909719034319
0,0,0.0006982168329015387
0,0,0.0006781740994863392
0,0,0.019277906308814985
0,0,0.00699198310973808
0,0,0.01207105231101361
0,0,0.017023166948873278
0,0,0.07153807264464791
0,0,0.0006083238363334072
0,0,0.00040273717319924885
0,0,0.01592032865009568
0,0,0.0012257957516396854
0,0,0.03389303804338681
1,0,0.48137646196652034
0,0,0.0009481080657741034
0,0,0.010382835438623181
0,0,0.0009963728691527469
0,0,0.002661626438651645
0,0,0.020628782408732862
0,0,0.0005945716692300769
0,0,0.0003760675766259783
0,0,0.0015591064356577772
0,0,0.03372049897451981
0,0,0.00614432633924795
0,0,0.2991899712730312
0,0,0.000525694110369299
0,0,0.010931381673446303
0,0,0.001574342957854289
0,0,0.06140675025343788
0,0,0.004170477626869546
0,0,0.020419331472012865
0,0,0.012372106755114685
0,0,0.007945966559415974
0,0,0.000597147804392869
0,0,0.0003768402260465131
0,0,0.0009677583906426876
0,0,0.0018060881939478877
0,0,0.004573205451303086
0,0,0.0012977653386112688
0,0,0.11716410194588327
0,0,0.001397350329130639
0,0,0.005058058849897977
0,0,0.006801167117470329
0,0,0.059922524475401445
0,0,0.1749190423240333
0,0,0.0006026887494109831
0,0,0.00038192830498416126
0,0,0.0003772772412408624
0,0,0.004701438996816544
0,0,0.0005565960600465302
0,0,0.0005800238482761119
0,0,0.23628707725233938
0,0,0.2950772348943274
0,0,0.0020613482944299684
0,0,0.00039158342961155025
0,0,0.0203351120356778
0,0,0.004224175588324806
0,0,0.0007354079510339791
0,0,0.0011147854514217443
0,0,0.0007951183916580707
0,0,0.0005204708926440927
0,0,0.05918706842944126
0,0,0.010847360487247111
0,0,0.03920554846775289
0,0,0.000510477036073393
0,0,0.0011842629616728717
0,0,0.00041216444926731445
0,0,0.00037230718640273884
0,0,0.0011269553365357786
0,0,0.04809900068512832
0,0,0.052882323971375184
0,0,0.20458419799443986
0,0,0.0008337574298287331
0,0,0.003826147488566568
0,0,0.0060684975718830955
0,0,0.0469475619275186
0,0,0.009366908793913978
0,0,0.008077120173559417
0,0,0.00037434252166233215
0,0,0.004857821789272366
0,0,0.006161936754093312
0,0,0.2196966670092246
0,0,0.005146607854651892
0,0,0.20023070900548912
0,0,0.0188939858373415
0,0,0.0008903962161912776
0,0,0.0011593409883351505
0,0,0.048423615375136966
1,1,0.5516927626939228
0,0,0.0007267778471382773
0,0,0.018310983491635895
0,0,0.0012982961536717158
0,0,0.019345113702952305
0,0,0.0020092537243653606
0,0,0.008206645852354385
0,0,0.007866587148735144
0,0,0.0192872434708711
0,0,0.007416614512197705
0,0,0.04544050906049224
0,0,0.022331598294651308
0,0,0.015424363127438471
0,0,0.000536122287140278
0,0,0.11039341496924612
0,0,0.015677045220784707
0,0,0.004782455039287516
0,0,0.004887636923226411
0,0,0.00048804403734122417
0,0,0.0005878578348278334
0,0,0.0009676549650383717
0,0,0.05767642642329219
0,0,0.0018049028335148552
0,0,0.023648855119998827
0,0,0.002966374858490985
0,0,0.023164701197326602
0,0,0.001197483899792912
0,0,0.06696455617501577
0,0,0.0013570378798399868
0,0,0.0010670281627677312
0,0,0.04724617088438683
0,0,0.02194069087110554
1,0,0.4246762686979367
0,0,0.0021372871937478956
0,0,0.002057509450876443
0,0,0.005075221357576386
0,0,0.19429283792268673
0,0,0.04990450177223815
0,0,0.015540845011670388
0,0,0.0016734801179856412
0,0,0.0036632932625981734
0,0,0.0044416796194400214
0,0,0.0008351065950838236
0,0,0.0004813045245970221
0,0,0.0010289374592552737
0,0,0.045805824464930665
0,0,0.014394558176756153
0,0,0.01841821620763833
0,0,0.00040858227043592864
0,0,0.015559321970505819
0,0,0.0574047413650708
0,0,0.0009095632897984752
0,0,0.011730154873393843
0,0,0.05093220775222321
0,0,0.0017016870568363949
0,0,0.04668967574233391
0,0,0.006140008013474704
0,0,0.014380476494405811
0,0,0.023838146158845438
0,0,0.0006718980810356232
0,0,0.0014814143653374156
0,0,0.0024003283289675613
0,0,0.02788299087299083
0,0,0.028686011753884983
0,0,0.033460333118030254
0,0,0.23333141323255346
0,0,0.0005218791820702395
1,1,0.5148266958964487
0,0,0.00095626725768872
0,0,0.21445593915986197
0,0,0.016505653293119028
0,0,0.001784910918849854
0,0,0.00045849158200543413
0,0,0.007945577889415282
0,0,0.0003718491450255144
0,0,0.0008878454841975591
0,0,0.0015092768528318125
0,0,0.0009878604696095283
0,0,0.08227651335562608
0,0,0.006457129597015588
0,0,0.0009501726855391063
0,0,0.0012170385844852028
0,0,0.0014616910576661184
0,0,0.0013358202163102548
0,0,0.03597408965799734
0,0,0.04835327052511804
0,0,0.0015576140972421387
0,0,0.366608456777123
0,0,0.004438623898336367
0,0,0.004752949621578184
